datetime,open,close,high,low,volume
2011-10-10 15:00:00,9.88,9.76,9.88,9.62,639649.0
2011-10-11 15:00:00,9.95,9.87,10.08,9.75,1074184.0
2011-10-12 15:00:00,9.68,10.14,10.17,9.64,861250.0
2011-10-13 15:00:00,10.16,10.5,10.58,9.63,1888938.0
2011-10-14 15:00:00,10.4,10.25,10.58,10.13,825568.0
2011-10-17 15:00:00,10.47,10.76,10.76,10.45,585487.0
2011-10-18 15:00:00,11.0,11.3,11.3,10.8,3654651.0
2011-10-19 15:00:00,11.5,11.02,11.69,10.87,3730595.0
2011-10-20 15:00:00,10.81,10.47,10.99,10.47,1648015.0
2011-10-21 15:00:00,10.39,10.2,10.39,10.01,779843.0
2011-10-24 15:00:00,10.14,10.49,10.6,10.13,1491376.0
2011-10-25 15:00:00,10.49,10.73,10.77,10.21,1281969.0
2011-10-26 15:00:00,10.6,10.7,10.82,10.5,1180274.0
2011-10-27 15:00:00,10.6,10.64,10.79,10.41,1183258.0
2011-10-28 15:00:00,10.78,10.9,10.95,10.64,1136728.0
2011-10-31 15:00:00,10.88,10.92,11.06,10.78,1005154.0
2011-11-01 15:00:00,10.81,11.39,11.47,10.81,1750539.0
2011-11-02 15:00:00,11.2,11.4,11.43,11.11,1333534.0
2011-11-03 15:00:00,10.83,10.86,11.26,10.83,5895727.0
2011-11-04 15:00:00,10.81,10.91,10.97,10.61,2503220.0
2011-11-07 15:00:00,10.82,10.93,10.94,10.72,1356805.0
2011-11-08 15:00:00,10.88,10.38,10.95,10.38,1819054.0
2011-11-09 15:00:00,10.28,10.35,10.37,10.1,2603814.0
2011-11-10 15:00:00,10.19,10.51,10.54,10.16,2174043.0
2011-11-11 15:00:00,10.45,10.47,10.52,10.28,772649.0
2011-11-14 15:00:00,10.47,10.6,10.69,10.39,1163256.0
2011-11-15 15:00:00,10.64,10.66,10.67,10.5,1235548.0
2011-11-16 15:00:00,10.66,10.52,10.95,10.4,2133771.0
2011-11-17 15:00:00,10.77,11.05,11.05,10.77,5254913.0
2011-11-18 15:00:00,10.98,10.5,10.98,10.5,3423749.0
2011-11-21 15:00:00,10.3,10.21,10.49,9.98,2755007.0
2011-11-22 15:00:00,10.0,10.13,10.14,9.86,1312526.0
2011-11-23 15:00:00,10.13,10.09,10.2,9.98,968990.0
2011-11-24 15:00:00,9.97,9.95,10.05,9.85,828730.0
2011-11-25 15:00:00,9.96,9.87,10.07,9.8,802898.0
2011-11-28 15:00:00,9.72,9.84,9.93,9.62,891438.0
2011-11-29 15:00:00,9.81,9.98,9.99,9.81,915225.0
2011-11-30 15:00:00,9.98,9.48,9.98,9.48,1042130.0
2011-12-01 15:00:00,9.68,9.59,9.78,9.54,1339390.0
2011-12-02 15:00:00,9.59,9.12,9.63,9.11,1723548.0
2011-12-05 15:00:00,9.0,8.66,9.17,8.66,1351879.0
2011-12-06 15:00:00,8.58,8.34,8.6,8.23,1369280.0
2011-12-08 15:00:00,7.92,8.09,8.34,7.92,1890846.0
2011-12-09 15:00:00,7.97,7.69,7.97,7.69,1664697.0
2011-12-12 15:00:00,7.59,7.34,7.62,7.31,2330723.0
2011-12-13 15:00:00,6.98,6.97,7.05,6.97,978500.0
2011-12-14 15:00:00,6.78,6.62,6.84,6.62,2516173.0
2011-12-15 15:00:00,6.49,6.29,6.49,6.29,1919484.0
2011-12-16 15:00:00,6.1,6.41,6.45,6.0,2420495.0
2011-12-19 15:00:00,6.68,6.73,6.73,6.51,2018043.0
2011-12-20 15:00:00,7.05,7.07,7.07,6.97,715850.0
2011-12-21 15:00:00,7.42,7.18,7.42,6.98,4592372.0
2011-12-22 15:00:00,6.82,6.97,7.18,6.82,2179899.0
2011-12-23 15:00:00,6.98,6.9,7.14,6.85,1574823.0
2011-12-26 15:00:00,6.83,6.56,6.89,6.56,1640599.0
2011-12-27 15:00:00,6.47,6.23,6.47,6.23,1598838.0
2011-12-28 15:00:00,6.01,6.26,6.27,5.95,1790614.0
2011-12-29 15:00:00,6.1,6.57,6.57,6.07,2100693.0
2011-12-30 15:00:00,6.58,6.8,6.9,6.47,2601685.0
2012-01-04 15:00:00,6.9,6.65,6.9,6.46,1600300.0
2012-01-05 15:00:00,6.46,6.32,6.63,6.32,890309.0
2012-01-06 15:00:00,6.0,6.37,6.44,6.0,1627505.0
2012-01-09 15:00:00,6.51,6.64,6.67,6.42,1439233.0
2012-01-10 15:00:00,6.64,6.88,6.93,6.59,1583150.0
2012-01-11 15:00:00,6.81,6.93,7.18,6.69,1843937.0
2012-01-12 15:00:00,6.88,7.28,7.28,6.81,3387092.0
2012-01-13 15:00:00,7.23,6.92,7.23,6.92,2366743.0
2012-01-16 15:00:00,6.72,6.66,6.85,6.57,1098656.0
2012-01-17 15:00:00,6.66,6.99,6.99,6.52,1293738.0
2012-01-18 15:00:00,7.11,7.0,7.25,6.95,1961520.0
2012-01-19 15:00:00,7.0,7.13,7.15,6.71,1497639.0
2012-01-20 15:00:00,7.15,7.14,7.2,7.03,941938.0
2012-01-30 15:00:00,7.15,7.24,7.43,6.96,1360580.0
2012-02-01 15:00:00,7.41,7.54,7.6,7.32,4524138.0
2012-02-02 15:00:00,7.45,7.38,7.45,7.2,3265283.0
2012-02-03 15:00:00,7.38,7.47,7.53,7.22,2010001.0
2012-02-06 15:00:00,7.45,7.73,7.8,7.45,2777682.0
2012-02-07 15:00:00,7.63,7.47,7.67,7.34,3477159.0
2012-02-08 15:00:00,7.4,7.6,7.65,7.26,2833116.0
2012-02-09 15:00:00,7.6,7.66,7.84,7.5,3154241.0
2012-02-10 15:00:00,7.64,7.63,7.77,7.54,1988708.0
2012-02-13 15:00:00,7.5,7.66,7.78,7.44,1999749.0
2012-02-14 15:00:00,7.6,8.01,8.04,7.58,5246323.0
2012-02-15 15:00:00,7.93,8.22,8.33,7.88,4327752.0
2012-02-16 15:00:00,8.1,8.12,8.22,7.91,3344008.0
2012-02-17 15:00:00,8.11,7.96,8.16,7.88,1573612.0
2012-02-20 15:00:00,8.04,7.89,8.08,7.88,1515700.0
2012-02-21 15:00:00,7.89,8.28,8.28,7.82,3935231.0
2012-02-22 15:00:00,8.33,8.29,8.44,8.12,3867487.0
2012-02-23 15:00:00,8.3,8.18,8.35,8.12,2598530.0
2012-02-24 15:00:00,8.18,8.2,8.28,8.13,1969748.0
2012-02-27 15:00:00,8.28,8.16,8.28,8.14,2472656.0
2012-02-28 15:00:00,8.1,7.98,8.16,7.8,3042796.0
2012-02-29 15:00:00,7.97,7.9,8.09,7.84,1195550.0
2012-03-01 15:00:00,7.88,7.94,8.02,7.82,944144.0
2012-03-02 15:00:00,8.02,8.05,8.07,7.96,1588455.0
2012-03-05 15:00:00,8.1,8.12,8.26,8.0,1941120.0
2012-03-06 15:00:00,8.1,8.06,8.26,8.0,1776386.0
2012-03-07 15:00:00,7.9,7.74,7.94,7.67,2297859.0
2012-03-08 15:00:00,7.76,7.84,7.88,7.7,1575470.0
2012-03-09 15:00:00,7.84,7.82,7.86,7.73,1777115.0
2012-03-12 15:00:00,7.78,7.84,7.88,7.74,1798462.0
2012-03-13 15:00:00,7.82,8.0,8.02,7.76,1928332.0
2012-03-14 15:00:00,8.04,7.6,8.07,7.6,2922231.0
2012-03-15 15:00:00,7.52,7.25,7.58,7.22,3010471.0
2012-03-16 15:00:00,7.3,7.36,7.37,7.16,1345343.0
2012-03-19 15:00:00,7.33,7.5,7.52,7.28,1786379.0
2012-03-20 15:00:00,7.52,7.56,7.82,7.42,2349963.0
2012-03-21 15:00:00,7.58,7.72,7.79,7.46,2615227.0
2012-03-22 15:00:00,7.73,7.48,7.75,7.43,1740247.0
2012-03-23 15:00:00,7.48,7.79,7.85,7.29,4406364.0
2012-03-26 15:00:00,7.81,8.06,8.18,7.7,5200781.0
2012-03-27 15:00:00,8.02,7.85,8.15,7.79,3214342.0
2012-03-28 15:00:00,7.71,7.46,7.83,7.46,2170605.0
2012-03-29 15:00:00,7.39,7.09,7.39,7.09,1704969.0
2012-03-30 15:00:00,6.88,6.75,7.12,6.74,2783999.0
2012-04-05 15:00:00,6.75,7.03,7.09,6.75,1200901.0
2012-04-06 15:00:00,7.0,7.09,7.21,7.0,1075948.0
2012-04-09 15:00:00,7.09,7.02,7.18,6.99,958696.0
2012-04-10 15:00:00,7.0,7.24,7.25,6.75,1175834.0
2012-04-11 15:00:00,7.08,7.16,7.22,7.06,1109903.0
2012-04-12 15:00:00,7.21,7.27,7.35,7.16,1335204.0
2012-04-13 15:00:00,7.39,7.27,7.39,7.21,1326088.0
2012-04-16 15:00:00,7.22,7.39,7.56,7.17,1223052.0
2012-04-17 15:00:00,7.4,7.23,7.46,7.15,1047529.0
2012-04-18 15:00:00,7.23,7.34,7.37,7.2,1114376.0
2012-04-19 15:00:00,7.38,7.34,7.38,7.25,1246084.0
2012-04-20 15:00:00,7.3,7.33,7.4,7.27,1217216.0
2012-04-23 15:00:00,7.29,7.04,7.29,6.96,2566357.0
2012-04-24 15:00:00,6.89,6.77,6.97,6.69,1612974.0
2012-04-25 15:00:00,6.79,6.91,6.94,6.65,1201856.0
2012-04-27 15:00:00,6.58,6.56,6.69,6.56,1580000.0
2012-05-02 15:00:00,6.23,6.23,6.23,6.23,603600.0
2012-05-03 15:00:00,5.92,5.92,5.92,5.92,445900.0
2012-05-04 15:00:00,5.75,5.96,6.22,5.63,3587363.0
2012-05-07 15:00:00,5.9,6.2,6.21,5.83,2596252.0
2012-05-08 15:00:00,6.2,6.24,6.38,6.17,2100567.0
2012-05-09 15:00:00,6.2,6.29,6.39,6.2,2123717.0
2012-05-10 15:00:00,6.3,6.29,6.38,6.21,1313676.0
2012-05-11 15:00:00,6.29,6.34,6.42,6.28,1572969.0
2012-05-14 15:00:00,6.35,6.41,6.66,6.35,4605339.0
2012-05-15 15:00:00,6.38,6.54,6.65,6.38,2567288.0
2012-05-16 15:00:00,6.54,6.77,6.81,6.44,2977494.0
2012-05-17 15:00:00,6.73,6.69,6.8,6.56,2049048.0
2012-05-21 15:00:00,6.61,6.37,6.61,6.36,2667884.0
2012-05-22 15:00:00,6.41,6.42,6.46,6.23,1066337.0
2012-05-23 15:00:00,6.36,6.25,6.44,6.24,1426537.0
2012-05-24 15:00:00,6.26,6.01,6.3,5.98,2492810.0
2012-05-25 15:00:00,5.93,6.06,6.08,5.93,1036995.0
2012-05-28 15:00:00,6.05,5.97,6.05,5.76,1761318.0
2012-05-29 15:00:00,5.9,6.15,6.18,5.9,1724004.0
2012-05-30 15:00:00,6.17,6.13,6.21,6.09,1849385.0
2012-05-31 15:00:00,6.1,6.16,6.18,6.03,1218971.0
2012-06-01 15:00:00,6.17,6.18,6.22,6.13,1135148.0
2012-06-04 15:00:00,6.08,5.9,6.14,5.9,990800.0
2012-06-05 15:00:00,5.9,6.11,6.14,5.9,1093890.0
2012-06-06 15:00:00,6.12,6.09,6.15,6.01,1076204.0
2012-06-07 15:00:00,6.13,6.18,6.27,6.11,2132841.0
2012-06-08 15:00:00,6.2,6.49,6.49,6.06,3206244.0
2012-06-11 15:00:00,6.57,6.5,6.57,6.32,2648593.0
2012-06-12 15:00:00,6.4,6.58,6.79,6.39,2011335.0
2012-06-13 15:00:00,6.58,6.66,6.75,6.52,1681829.0
2012-06-14 15:00:00,6.63,6.55,6.72,6.51,1396450.0
2012-06-15 15:00:00,6.63,6.76,6.88,6.52,2314796.0
2012-06-18 15:00:00,6.78,7.1,7.1,6.78,3911257.0
2013-03-01 15:00:00,7.46,7.46,7.46,7.46,41341.0
2013-03-04 15:00:00,7.83,7.83,7.83,7.83,66441.0
2013-03-05 15:00:00,8.22,8.22,8.22,8.22,44711.0
2013-03-12 15:00:00,9.04,9.04,9.04,9.04,129672.0
2013-03-13 15:00:00,9.94,9.94,9.94,9.94,158783.0
2013-03-14 15:00:00,10.93,10.93,10.93,10.93,6907591.0
2013-03-15 15:00:00,10.93,12.02,12.02,10.85,20202257.0
2013-03-18 15:00:00,11.99,11.85,12.49,11.13,16104337.0
2013-03-19 15:00:00,11.6,12.18,12.58,11.36,12962742.0
2013-03-20 15:00:00,12.01,12.0,12.27,11.71,11428279.0
2013-03-21 15:00:00,11.91,11.88,12.26,11.78,10979456.0
2013-03-22 15:00:00,11.62,12.37,12.45,11.54,14047967.0
2013-03-25 15:00:00,12.2,11.94,12.31,11.8,9441458.0
2013-03-26 15:00:00,11.73,12.02,12.49,11.7,10842906.0
2013-03-27 15:00:00,11.69,11.54,11.97,11.42,8034955.0
2013-03-28 15:00:00,11.2,10.68,11.33,10.61,6956021.0
2013-03-29 15:00:00,10.73,10.8,10.9,10.59,3758187.0
2013-04-01 15:00:00,10.83,10.89,11.05,10.61,3707311.0
2013-04-02 15:00:00,10.8,11.06,11.08,10.67,4256058.0
2013-04-03 15:00:00,10.93,10.15,11.15,10.11,5707316.0
2013-04-08 15:00:00,10.08,10.16,10.18,9.7,3757002.0
2013-04-09 15:00:00,10.1,10.51,10.96,10.01,6133145.0
2013-04-10 15:00:00,10.33,10.39,10.51,10.12,3252041.0
2013-04-11 15:00:00,10.32,10.27,10.56,10.21,2363478.0
2013-04-12 15:00:00,10.3,10.3,10.5,10.14,2056429.0
2013-04-15 15:00:00,10.13,9.87,10.13,9.77,2691578.0
2013-04-16 15:00:00,9.66,9.9,9.92,9.57,1860251.0
2013-04-17 15:00:00,9.88,9.95,10.09,9.86,1560165.0
2013-04-18 15:00:00,9.93,10.17,10.36,9.82,2809512.0
2013-04-19 15:00:00,10.11,10.49,10.75,10.11,5804656.0
2013-04-22 15:00:00,10.35,10.14,10.45,10.06,3995883.0
2013-04-23 15:00:00,10.1,9.88,10.32,9.83,3466038.0
2013-04-24 15:00:00,9.8,10.02,10.08,9.61,2956902.0
2013-04-25 15:00:00,9.98,9.92,10.32,9.77,3291272.0
2013-04-26 15:00:00,9.9,8.93,10.2,8.93,4671513.0
2013-05-02 15:00:00,8.84,8.96,9.09,8.62,3380008.0
2013-05-03 15:00:00,8.9,9.15,9.24,8.9,3473733.0
2013-05-06 15:00:00,9.4,10.07,10.07,9.4,2627893.0
2013-05-07 15:00:00,10.62,11.08,11.08,10.45,10742903.0
2013-05-08 15:00:00,11.4,12.19,12.19,11.4,20509012.0
2013-05-09 15:00:00,12.4,12.0,12.48,11.65,14821837.0
2013-05-10 15:00:00,11.74,11.62,11.92,11.41,12814758.0
2013-05-13 15:00:00,11.51,11.43,11.59,11.13,9743245.0
2013-05-14 15:00:00,11.35,11.26,11.59,10.86,11434220.0
2013-05-15 15:00:00,11.19,11.31,11.36,11.11,7173270.0
2013-05-16 15:00:00,11.2,11.23,11.43,11.02,7952804.0
2013-05-17 15:00:00,11.35,11.3,11.56,11.16,8312815.0
2013-05-20 15:00:00,11.12,11.34,11.43,11.03,8390040.0
2013-05-21 15:00:00,11.3,11.5,11.53,11.15,8575649.0
2013-05-22 15:00:00,11.38,11.13,11.58,10.9,7793423.0
2013-05-23 15:00:00,10.99,10.98,11.26,10.92,4557208.0
2013-05-24 15:00:00,10.89,11.02,11.14,10.89,3264939.0
2013-05-27 15:00:00,11.03,11.24,11.27,10.93,4775248.0
2013-05-28 15:00:00,11.22,11.24,11.3,10.96,4277109.0
2013-05-29 15:00:00,11.27,11.41,11.46,11.11,7266094.0
2013-05-30 15:00:00,11.37,11.0,11.37,10.95,5217547.0
2013-05-31 15:00:00,10.91,11.02,11.36,10.81,4713131.0
2013-06-03 15:00:00,10.86,10.98,11.0,10.5,4313775.0
2013-06-04 15:00:00,10.91,10.71,11.08,10.7,2641224.0
2013-06-05 15:00:00,10.71,10.35,10.82,10.3,3058523.0
2013-06-06 15:00:00,10.23,9.98,10.38,9.9,3101382.0
2013-06-07 15:00:00,10.0,10.98,10.98,10.0,4491854.0
2013-06-13 15:00:00,11.48,11.09,11.99,10.96,15861577.0
2013-06-14 15:00:00,10.45,10.84,10.96,10.04,9264667.0
2013-06-17 15:00:00,10.87,10.99,11.19,10.51,8749893.0
2013-06-18 15:00:00,10.77,11.15,11.35,10.71,7308180.0
2013-06-19 15:00:00,11.08,11.09,11.27,10.97,5179996.0
2013-06-20 15:00:00,11.1,11.08,11.75,11.0,7164492.0
2013-06-21 15:00:00,10.69,10.67,11.08,10.35,5311596.0
2013-06-24 15:00:00,10.57,9.6,10.62,9.6,4962314.0
2013-06-25 15:00:00,9.5,8.99,9.5,8.64,4892699.0
2013-06-26 15:00:00,9.24,9.89,9.89,9.11,4685098.0
2013-06-27 15:00:00,10.0,10.16,10.83,9.9,7260755.0
2013-06-28 15:00:00,9.65,9.45,10.0,9.35,5480085.0
2013-07-01 15:00:00,9.51,9.45,9.58,8.95,5217133.0
2013-07-02 15:00:00,9.25,10.24,10.27,9.25,6323222.0
2013-07-03 15:00:00,10.02,9.97,10.11,9.56,5143733.0
2013-07-04 15:00:00,9.64,10.09,10.58,9.64,6542412.0
2013-07-05 15:00:00,9.98,9.89,10.43,9.87,4467490.0
2013-07-08 15:00:00,9.65,9.2,9.66,9.03,3594514.0
2013-07-09 15:00:00,9.2,9.36,9.45,9.15,1718935.0
2013-07-10 15:00:00,9.36,9.85,10.02,9.31,3767914.0
2013-07-11 15:00:00,9.8,9.87,10.2,9.69,5316213.0
2013-07-12 15:00:00,9.87,9.8,10.05,9.68,3430053.0
2013-07-15 15:00:00,9.79,9.87,9.98,9.78,2777488.0
2013-07-16 15:00:00,9.9,10.01,10.13,9.85,3118162.0
2013-07-17 15:00:00,10.02,9.61,10.08,9.55,3903839.0
2013-07-18 15:00:00,9.64,9.6,9.79,9.41,2285401.0
2013-07-19 15:00:00,9.6,9.23,9.65,9.22,2807667.0
2013-07-22 15:00:00,9.21,9.47,9.55,9.12,1727228.0
2013-07-23 15:00:00,9.59,9.64,9.98,9.5,3186099.0
2013-07-24 15:00:00,9.55,9.47,9.58,9.31,2709331.0
2013-07-25 15:00:00,9.54,9.36,9.57,9.31,1786108.0
2013-07-26 15:00:00,9.3,9.3,9.43,9.16,1813176.0
2013-07-29 15:00:00,9.25,9.08,9.26,9.05,1624922.0
2013-07-30 15:00:00,9.2,9.38,9.77,9.11,3333828.0
2013-07-31 15:00:00,10.32,10.32,10.32,10.32,2675938.0
2013-08-01 15:00:00,10.84,10.4,10.95,10.2,13881124.0
2013-08-02 15:00:00,10.15,10.09,10.33,10.01,7580251.0
2013-08-05 15:00:00,9.86,10.11,10.13,9.8,4813469.0
2013-08-06 15:00:00,9.99,10.13,10.16,9.9,4105123.0
2013-08-07 15:00:00,10.04,9.9,10.08,9.78,3583932.0
2013-08-08 15:00:00,9.79,10.14,10.24,9.79,4812452.0
2013-08-09 15:00:00,10.18,10.34,10.44,10.02,6591299.0
2013-08-12 15:00:00,10.35,10.52,10.76,10.05,7040640.0
2013-08-13 15:00:00,10.45,10.33,10.5,10.2,4034440.0
2013-08-14 15:00:00,10.3,10.11,10.33,10.09,3357838.0
2013-08-15 15:00:00,10.09,10.06,10.28,10.04,2627934.0
2013-08-16 15:00:00,10.02,9.94,10.22,9.93,2663161.0
2013-08-19 15:00:00,9.92,10.08,10.1,9.84,1592281.0
2013-08-20 15:00:00,10.09,9.88,10.14,9.86,2271924.0
2013-08-21 15:00:00,9.89,9.76,9.91,9.71,2213951.0
2013-09-02 15:00:00,8.78,8.78,8.78,8.78,875800.0
2013-09-03 15:00:00,8.1,8.54,8.56,8.1,10295045.0
2013-09-04 15:00:00,8.3,9.13,9.39,8.26,8815919.0
2013-09-05 15:00:00,8.88,8.75,8.9,8.67,5997174.0
2013-09-06 15:00:00,8.77,8.61,8.84,8.51,3550185.0
2013-09-09 15:00:00,8.7,8.63,8.76,8.5,3820011.0
2013-09-10 15:00:00,8.62,8.7,8.71,8.55,3261750.0
2013-09-11 15:00:00,8.71,8.63,8.82,8.6,4231833.0
2013-09-12 15:00:00,8.6,8.58,8.7,8.52,2547357.0
2013-09-13 15:00:00,8.58,8.71,8.72,8.5,3252155.0
2013-09-16 15:00:00,8.67,8.81,8.87,8.64,3415529.0
2013-09-17 15:00:00,8.81,8.85,9.1,8.71,5148509.0
2013-09-18 15:00:00,8.85,8.64,8.89,8.5,3549419.0
2013-09-23 15:00:00,8.69,8.79,8.8,8.53,2907196.0
2013-09-24 15:00:00,8.73,8.66,8.76,8.61,2346718.0
2013-09-25 15:00:00,8.65,8.49,8.65,8.42,3074371.0
2013-09-26 15:00:00,8.52,8.33,8.57,8.32,1971661.0
2013-09-27 15:00:00,8.33,8.35,8.46,8.29,1738479.0
2013-09-30 15:00:00,8.35,8.41,8.51,8.21,1443908.0
2013-10-08 15:00:00,8.38,8.43,8.46,8.32,1777005.0
2013-10-09 15:00:00,8.42,8.6,8.62,8.36,2827006.0
2013-10-10 15:00:00,8.55,8.44,8.59,8.38,2181108.0
2013-10-11 15:00:00,8.48,8.49,8.57,8.44,2522021.0
2013-10-14 15:00:00,8.51,8.45,8.55,8.38,3131674.0
2013-10-15 15:00:00,8.44,8.4,8.47,8.38,1800060.0
2013-10-16 15:00:00,8.42,8.15,8.42,8.1,3013986.0
2013-10-17 15:00:00,8.18,8.15,8.21,8.08,1892179.0
2013-10-18 15:00:00,8.3,8.61,8.66,8.21,6673273.0
2013-10-21 15:00:00,8.57,8.62,8.66,8.44,4364028.0
2013-10-22 15:00:00,8.55,8.81,8.92,8.44,8216662.0
2013-10-23 15:00:00,8.82,8.59,8.89,8.52,4005357.0
2013-10-24 15:00:00,8.55,8.35,8.55,8.3,2215186.0
2013-10-25 15:00:00,8.35,8.3,8.67,8.25,2467734.0
2013-10-28 15:00:00,8.35,8.11,8.39,7.98,2107237.0
2013-10-29 15:00:00,8.79,8.92,8.92,8.7,7091911.0
2013-10-30 15:00:00,9.66,9.25,9.81,9.15,25022218.0
2013-10-31 15:00:00,9.36,8.65,9.36,8.64,13200104.0
2013-11-01 15:00:00,8.3,8.44,8.52,8.1,7522657.0
2013-11-04 15:00:00,8.41,8.42,8.52,8.27,4410289.0
2013-11-05 15:00:00,8.4,8.47,8.48,8.25,5014710.0
2013-11-06 15:00:00,8.39,8.73,9.2,8.32,10482284.0
2013-11-07 15:00:00,8.7,8.76,9.0,8.58,6500765.0
2013-11-08 15:00:00,8.66,8.42,8.74,8.35,4133457.0
2013-11-11 15:00:00,8.36,8.41,8.45,8.15,2821392.0
2013-11-12 15:00:00,8.42,8.58,8.59,8.31,2679328.0
2013-11-13 15:00:00,8.53,8.3,8.53,8.25,2906722.0
2013-11-14 15:00:00,8.31,8.32,8.35,8.16,2587101.0
2013-11-15 15:00:00,8.28,8.49,8.51,8.26,4097290.0
2013-11-18 15:00:00,8.47,8.6,8.63,8.36,4375057.0
2013-11-19 15:00:00,8.59,8.6,8.74,8.51,4275000.0
2013-11-20 15:00:00,8.63,8.69,8.79,8.58,4432391.0
2013-11-21 15:00:00,8.61,8.57,8.71,8.56,3625618.0
2013-11-22 15:00:00,8.55,8.84,8.93,8.53,6026511.0
2013-11-25 15:00:00,8.71,8.72,8.89,8.69,3651206.0
2013-11-26 15:00:00,8.73,8.57,8.73,8.55,2471488.0
2013-11-27 15:00:00,8.57,8.64,8.65,8.52,1935920.0
2013-11-28 15:00:00,8.64,8.8,8.96,8.64,6414363.0
2013-11-29 15:00:00,8.8,8.77,8.8,8.66,3524006.0
2013-12-02 15:00:00,8.43,8.26,8.5,8.2,5554684.0
2013-12-03 15:00:00,8.2,8.4,8.44,8.17,2677582.0
2013-12-04 15:00:00,8.34,8.45,8.52,8.34,2711800.0
2013-12-05 15:00:00,8.41,8.7,8.74,8.37,4495713.0
2013-12-06 15:00:00,8.6,8.56,8.69,8.5,2854780.0
2013-12-09 15:00:00,8.65,8.64,8.68,8.52,2068785.0
2013-12-10 15:00:00,8.61,8.56,8.9,8.5,3928220.0
2013-12-11 15:00:00,8.52,8.75,8.78,8.3,4630683.0
2013-12-12 15:00:00,8.66,8.64,8.77,8.61,2418930.0
2013-12-13 15:00:00,8.6,8.58,8.74,8.55,1898258.0
2013-12-16 15:00:00,8.57,8.36,8.66,8.33,2357709.0
2013-12-17 15:00:00,8.43,8.41,8.45,8.3,1671797.0
2013-12-18 15:00:00,8.41,8.33,8.41,8.32,1228529.0
2013-12-19 15:00:00,8.34,8.24,8.46,8.23,1486101.0
2013-12-20 15:00:00,8.25,8.15,8.36,8.12,1595833.0
2013-12-23 15:00:00,8.11,8.14,8.21,8.02,1631005.0
2013-12-24 15:00:00,8.14,8.1,8.22,8.04,1730779.0
2013-12-25 15:00:00,8.12,8.17,8.2,8.06,1383724.0
2013-12-26 15:00:00,8.2,7.92,8.2,7.89,2218265.0
2013-12-27 15:00:00,7.92,7.98,8.03,7.87,1431918.0
2013-12-30 15:00:00,8.78,8.78,8.78,8.78,4334832.0
2013-12-31 15:00:00,9.3,9.66,9.66,8.95,28804214.0
2014-01-02 15:00:00,9.66,9.38,9.66,9.1,18312833.0
2014-01-03 15:00:00,9.03,9.04,9.25,9.02,11126570.0
2014-01-06 15:00:00,9.04,8.57,9.05,8.53,8473525.0
2014-01-07 15:00:00,8.54,8.46,8.54,8.32,5527752.0
2014-01-08 15:00:00,8.46,8.57,8.62,8.39,5595037.0
2014-01-09 15:00:00,8.56,8.42,8.61,8.4,4024197.0
2014-01-10 15:00:00,7.9,7.7,7.94,7.62,9076758.0
2014-01-13 15:00:00,7.64,7.75,7.84,7.53,4252558.0
2014-01-14 15:00:00,7.65,7.77,7.79,7.63,3910270.0
2014-01-15 15:00:00,7.77,7.74,7.8,7.68,3256029.0
2014-01-16 15:00:00,7.72,8.03,8.06,7.65,6745745.0
2014-01-17 15:00:00,7.93,7.74,7.95,7.72,3371334.0
2014-01-20 15:00:00,7.75,7.54,7.75,7.48,2904399.0
2014-01-21 15:00:00,7.51,7.63,7.66,7.5,2085564.0
2014-01-22 15:00:00,7.63,7.82,7.87,7.63,3483347.0
2014-01-23 15:00:00,7.81,7.84,7.89,7.75,3429114.0
2014-01-24 15:00:00,7.84,7.92,8.03,7.78,2999997.0
2014-01-27 15:00:00,7.93,7.87,7.93,7.8,2736059.0
2014-01-28 15:00:00,7.81,7.77,7.88,7.67,2721393.0
2014-01-29 15:00:00,7.72,7.8,7.84,7.72,1924268.0
2014-01-30 15:00:00,7.5,7.07,7.53,7.02,8318496.0
2014-02-07 15:00:00,6.99,7.49,7.56,6.9,5747906.0
2014-02-10 15:00:00,7.49,7.61,7.66,7.37,5433104.0
2014-02-11 15:00:00,7.58,7.58,7.67,7.52,3775178.0
2014-02-12 15:00:00,7.59,8.15,8.28,7.56,10019173.0
2014-02-13 15:00:00,8.08,8.23,8.33,7.97,5884480.0
2014-02-14 15:00:00,8.22,8.28,8.32,8.1,3910470.0
2014-02-17 15:00:00,8.3,8.33,8.4,8.15,3682897.0
2014-02-18 15:00:00,8.35,8.54,8.98,8.28,6879173.0
2014-02-19 15:00:00,8.59,8.36,8.59,8.22,5682528.0
2014-02-20 15:00:00,8.33,8.59,8.75,8.31,6457120.0
2014-02-21 15:00:00,8.6,8.62,8.66,8.4,3202724.0
2014-02-24 15:00:00,8.6,8.51,8.78,8.32,2441110.0
2014-02-25 15:00:00,8.47,8.12,8.62,8.11,3008449.0
2014-02-26 15:00:00,8.15,8.37,8.38,7.91,2209530.0
2014-02-27 15:00:00,8.3,8.18,8.3,8.13,2453155.0
2014-02-28 15:00:00,8.04,8.13,8.15,7.94,2075740.0
2014-03-03 15:00:00,8.11,7.92,8.11,7.83,4568828.0
2014-03-04 15:00:00,7.83,8.01,8.08,7.79,2952661.0
2014-03-05 15:00:00,7.97,7.98,8.02,7.93,1744523.0
2014-03-06 15:00:00,7.92,7.89,7.95,7.81,1714369.0
2014-03-07 15:00:00,7.92,7.93,7.96,7.83,1441938.0
2014-03-10 15:00:00,7.87,7.63,7.87,7.55,1758832.0
2014-03-11 15:00:00,7.56,7.64,7.67,7.56,804797.0
2014-03-12 15:00:00,7.57,8.01,8.06,7.57,2199014.0
2014-03-13 15:00:00,8.0,7.96,8.05,7.84,1732776.0
2014-03-14 15:00:00,7.9,7.97,8.1,7.85,1437882.0
2014-03-17 15:00:00,8.0,8.04,8.06,7.93,1702176.0
2014-03-18 15:00:00,8.04,8.15,8.25,7.97,1548733.0
2014-03-19 15:00:00,8.15,8.01,8.25,7.94,1421783.0
2014-03-20 15:00:00,7.98,7.77,8.03,7.76,1758287.0
2014-03-21 15:00:00,7.67,7.83,7.9,7.59,1505628.0
2014-03-24 15:00:00,7.83,7.89,7.94,7.82,1466405.0
2014-03-25 15:00:00,7.86,7.95,7.99,7.85,1371326.0
2014-03-26 15:00:00,7.98,8.04,8.13,7.95,1796559.0
2014-03-27 15:00:00,8.03,8.17,8.27,7.84,3453470.0
2014-03-28 15:00:00,8.11,7.89,8.18,7.86,2242872.0
2014-03-31 15:00:00,7.8,8.04,8.16,7.79,1384417.0
2014-04-01 15:00:00,8.01,8.15,8.16,8.0,1714954.0
2014-04-02 15:00:00,8.15,8.13,8.2,8.09,1364809.0
2014-04-03 15:00:00,8.1,8.03,8.17,7.97,1274325.0
2014-04-04 15:00:00,7.98,8.18,8.19,7.97,1532593.0
2014-04-08 15:00:00,8.2,8.28,8.43,8.17,2544865.0
2014-04-09 15:00:00,8.21,8.3,8.36,8.21,1702135.0
2014-04-10 15:00:00,8.16,8.11,8.17,7.98,3556876.0
2014-04-11 15:00:00,8.04,8.09,8.1,8.01,1498685.0
2014-04-14 15:00:00,8.08,8.17,8.18,8.06,1602325.0
2014-04-15 15:00:00,8.17,8.5,8.99,8.07,9236079.0
2014-04-16 15:00:00,8.23,8.39,8.49,8.14,5449718.0
2014-04-17 15:00:00,8.37,8.26,8.37,8.23,2461437.0
2014-04-18 15:00:00,8.26,8.42,8.48,8.25,2621265.0
2014-04-21 15:00:00,8.43,8.58,8.9,8.4,5635899.0
2014-04-22 15:00:00,8.48,8.57,8.85,8.41,4126569.0
2014-04-23 15:00:00,8.5,7.91,8.5,7.77,5876660.0
2014-04-24 15:00:00,7.82,7.8,8.01,7.63,2624771.0
2014-04-25 15:00:00,7.8,7.33,7.84,7.19,4893889.0
2014-04-28 15:00:00,7.61,7.6,7.85,7.5,4005268.0
2014-04-29 15:00:00,7.28,7.67,7.69,7.2,1862170.0
2014-04-30 15:00:00,7.68,7.74,8.15,7.68,2120778.0
2014-05-05 15:00:00,7.76,7.84,7.95,7.74,1247357.0
2014-05-06 15:00:00,7.84,7.89,7.93,7.71,1449861.0
2014-05-07 15:00:00,7.89,7.74,7.89,7.74,795563.0
2014-05-08 15:00:00,7.75,7.68,7.8,7.62,1303847.0
2014-05-09 15:00:00,7.76,7.87,7.95,7.67,1843323.0
2014-05-12 15:00:00,7.93,8.15,8.19,7.76,3369213.0
2014-05-13 15:00:00,8.17,8.29,8.88,8.15,4828719.0
2014-05-14 15:00:00,8.19,8.08,8.22,8.01,3096409.0
2014-05-15 15:00:00,8.08,7.79,8.08,7.78,1677173.0
2014-05-16 15:00:00,7.8,7.92,7.92,7.8,763966.0
2014-05-19 15:00:00,7.92,7.9,7.96,7.72,780231.0
2014-05-20 15:00:00,7.93,8.08,8.16,7.9,2176431.0
2014-05-21 15:00:00,8.21,8.14,8.45,8.13,3272407.0
2014-05-22 15:00:00,8.0,8.08,8.17,7.97,1992768.0
2014-05-23 15:00:00,8.02,8.28,8.3,8.02,2945193.0
2014-05-26 15:00:00,8.23,8.27,8.4,8.21,1728646.0
2014-05-27 15:00:00,8.27,8.43,8.55,8.19,3777222.0
2014-05-28 15:00:00,8.38,8.36,8.4,8.3,2362287.0
2014-05-29 15:00:00,8.35,8.26,8.44,8.23,2223964.0
2014-05-30 15:00:00,8.3,8.45,8.52,8.2,3865571.0
2014-06-03 15:00:00,8.4,8.54,8.79,8.32,5617025.0
2014-06-04 15:00:00,8.46,8.47,8.6,8.3,2919410.0
2014-06-05 15:00:00,8.47,8.49,8.55,8.37,2448985.0
2014-06-06 15:00:00,8.46,8.54,8.59,8.44,1743944.0
2014-06-09 15:00:00,8.55,8.35,8.55,8.32,2625982.0
2014-06-10 15:00:00,8.36,8.36,8.42,8.24,2143764.0
2014-06-11 15:00:00,8.37,8.48,8.55,8.31,2418386.0
2014-06-12 15:00:00,8.45,8.67,8.73,8.4,5095864.0
2014-06-13 15:00:00,8.62,8.52,8.7,8.51,2675652.0
2014-06-16 15:00:00,8.57,8.74,8.99,8.55,7296119.0
2014-06-17 15:00:00,8.71,8.6,8.86,8.5,3841034.0
2014-06-18 15:00:00,8.59,8.84,8.98,8.53,5061514.0
2014-06-19 15:00:00,8.84,9.22,9.32,8.71,9572695.0
2014-06-20 15:00:00,9.01,9.84,9.98,8.99,13723107.0
2014-06-23 15:00:00,9.68,9.97,10.29,9.61,9898786.0
2014-06-24 15:00:00,9.87,9.74,10.05,9.68,7022649.0
2014-06-25 15:00:00,9.79,10.05,10.24,9.61,8582575.0
2014-06-26 15:00:00,9.96,9.99,10.55,9.8,10723234.0
2014-06-27 15:00:00,10.07,10.16,10.38,9.84,8050161.0
2014-06-30 15:00:00,9.99,10.03,10.09,9.7,4916803.0
2014-07-01 15:00:00,10.03,10.49,10.52,9.91,9331021.0
2014-07-02 15:00:00,10.47,10.42,10.48,10.19,5550322.0
2014-07-03 15:00:00,10.55,10.41,10.96,10.38,6154823.0
2014-07-04 15:00:00,10.31,10.14,10.37,10.1,4534941.0
2014-07-07 15:00:00,10.0,10.13,10.28,9.97,2547411.0
2014-07-08 15:00:00,10.08,10.08,10.2,9.9,2706571.0
2014-07-09 15:00:00,10.01,9.82,10.22,9.75,4405090.0
2014-07-10 15:00:00,9.81,10.01,10.11,9.7,3992061.0
2014-07-11 15:00:00,10.02,10.35,10.44,9.96,4202454.0
2014-07-14 15:00:00,10.34,10.73,10.75,10.27,5332485.0
2014-07-15 15:00:00,10.67,10.77,10.95,10.45,3854249.0
2014-07-16 15:00:00,10.77,10.5,10.95,10.49,2734722.0
2014-07-17 15:00:00,10.5,10.45,10.63,10.32,1771818.0
2014-07-18 15:00:00,10.39,10.7,10.86,10.32,3030048.0
2014-07-21 15:00:00,10.66,10.24,10.69,10.0,3922867.0
2014-07-22 15:00:00,10.23,10.36,10.63,10.22,2423313.0
2014-07-23 15:00:00,10.36,10.27,10.5,10.2,2089798.0
2014-07-24 15:00:00,10.24,10.14,10.36,10.03,2060908.0
2014-07-25 15:00:00,10.3,10.59,10.64,10.15,3553679.0
2014-07-28 15:00:00,10.7,11.65,11.65,10.62,7490135.0
2014-07-29 15:00:00,12.34,12.53,12.68,12.02,22693167.0
2014-07-30 15:00:00,12.04,12.08,12.24,11.8,11752978.0
2014-07-31 15:00:00,11.96,12.5,13.08,11.96,13773163.0
2014-08-01 15:00:00,12.25,12.24,12.48,12.06,7283642.0
2014-08-04 15:00:00,12.19,12.47,12.56,12.01,6295920.0
2014-08-05 15:00:00,12.62,12.18,12.78,12.05,6152108.0
2014-08-06 15:00:00,12.24,12.38,12.46,12.0,4833769.0
2014-08-07 15:00:00,12.37,12.09,12.48,12.05,4801391.0
2014-08-08 15:00:00,12.04,11.89,12.15,11.7,4247613.0
2014-08-11 15:00:00,11.98,12.0,12.08,11.68,3582803.0
2014-08-12 15:00:00,11.99,12.23,12.24,11.78,4290436.0
2014-08-13 15:00:00,12.24,12.59,12.66,12.0,7357098.0
2014-08-14 15:00:00,12.37,11.91,12.48,11.9,6262919.0
2014-08-15 15:00:00,11.9,11.99,12.12,11.8,3310168.0
2014-08-18 15:00:00,11.91,12.15,12.16,11.91,3270135.0
2014-08-19 15:00:00,12.15,12.27,12.3,12.1,3558216.0
2014-08-20 15:00:00,12.22,12.1,12.27,12.02,2557346.0
2014-08-21 15:00:00,12.06,12.26,12.43,12.02,5371107.0
2014-08-22 15:00:00,12.26,12.29,12.43,12.08,3542109.0
2014-08-25 15:00:00,12.31,11.98,12.38,11.9,3990353.0
2014-08-26 15:00:00,11.92,11.29,11.97,11.2,5393554.0
2014-08-27 15:00:00,11.18,11.67,11.7,11.18,2988767.0
2014-08-28 15:00:00,11.69,12.44,12.55,11.62,8740512.0
2014-08-29 15:00:00,12.29,12.51,12.97,12.07,7881160.0
2014-09-01 15:00:00,12.57,12.63,12.86,12.36,4152333.0
2014-09-02 15:00:00,12.63,12.76,12.88,12.44,4023170.0
2014-09-03 15:00:00,12.7,14.02,14.04,12.7,10367307.0
2014-09-04 15:00:00,13.8,13.84,13.95,13.54,5902452.0
2014-09-05 15:00:00,13.8,14.26,14.64,13.68,6557969.0
2014-09-09 15:00:00,14.27,14.48,14.5,14.09,4491808.0
2014-09-10 15:00:00,14.3,13.67,15.0,13.6,10782750.0
2014-09-11 15:00:00,13.69,14.18,14.36,13.42,8870318.0
2014-09-12 15:00:00,14.05,13.91,14.05,13.7,4158484.0
2014-09-15 15:00:00,13.91,13.88,14.0,13.62,4016780.0
2014-09-16 15:00:00,13.88,13.38,13.89,13.35,3489647.0
2014-09-17 15:00:00,13.43,13.69,13.7,13.38,2235764.0
2014-09-18 15:00:00,13.56,13.8,13.9,13.5,1565111.0
2014-09-19 15:00:00,13.82,14.27,14.48,13.82,4598929.0
2014-09-22 15:00:00,14.2,13.97,14.28,13.91,2325391.0
2014-09-23 15:00:00,13.93,14.3,14.5,13.88,3170378.0
2014-09-24 15:00:00,14.39,14.35,14.48,14.2,3358402.0
2014-09-25 15:00:00,14.35,14.31,14.6,14.18,2658314.0
2014-09-26 15:00:00,14.3,14.36,14.5,14.23,2130085.0
2014-09-29 15:00:00,14.38,14.22,14.41,14.18,2962031.0
2014-09-30 15:00:00,14.22,13.99,14.29,13.5,4047231.0
2014-10-08 15:00:00,14.01,14.2,14.34,13.8,3262394.0
2014-10-09 15:00:00,14.22,14.38,14.39,14.06,3290614.0
2014-10-10 15:00:00,14.33,14.28,14.39,14.12,2315918.0
2014-10-13 15:00:00,14.21,14.42,14.56,14.21,3268332.0
2014-10-14 15:00:00,14.43,14.79,14.94,14.36,4144184.0
2014-10-15 15:00:00,14.8,14.62,14.97,14.57,3031632.0
2014-10-16 15:00:00,14.5,14.18,14.57,14.15,2878673.0
2014-10-17 15:00:00,14.1,13.86,14.29,13.6,2262363.0
2014-10-20 15:00:00,13.86,13.87,14.0,13.72,1435558.0
2014-10-21 15:00:00,13.87,13.7,13.96,13.64,1811312.0
2014-10-22 15:00:00,13.67,13.36,13.83,13.32,1417443.0
2014-10-23 15:00:00,13.26,13.69,13.76,13.26,2082127.0
2014-10-24 15:00:00,13.7,14.19,14.32,13.62,3204651.0
2014-10-27 15:00:00,14.22,14.11,14.26,13.88,1273721.0
2014-10-28 15:00:00,14.09,14.2,14.26,13.94,1968631.0
2014-10-29 15:00:00,14.22,14.47,14.52,14.08,2760323.0
2014-10-30 15:00:00,14.35,14.12,14.61,14.09,3020467.0
2014-10-31 15:00:00,14.16,13.99,14.17,13.73,2228441.0
2014-11-03 15:00:00,14.06,13.99,14.08,13.82,1758885.0
2014-11-04 15:00:00,13.86,13.94,14.06,13.8,1368361.0
2014-11-05 15:00:00,14.18,15.33,15.33,14.18,10510842.0
2014-11-06 15:00:00,15.15,15.28,15.67,15.08,6547448.0
2014-11-07 15:00:00,15.29,14.72,15.32,14.68,4280126.0
2014-11-10 15:00:00,14.8,14.78,15.15,14.72,3086888.0
2014-11-11 15:00:00,14.8,14.35,14.96,14.1,2783943.0
2014-11-12 15:00:00,14.4,14.66,14.67,14.2,1723693.0
2014-11-13 15:00:00,14.56,14.3,14.59,14.13,2583618.0
2014-11-14 15:00:00,14.3,14.24,14.3,13.8,1544144.0
2014-11-17 15:00:00,14.2,14.29,14.6,14.2,1490289.0
2014-11-18 15:00:00,14.14,14.46,14.5,14.14,1387885.0
2014-11-19 15:00:00,14.46,14.65,14.88,14.38,1675998.0
2014-11-20 15:00:00,14.6,14.49,14.6,14.34,1099935.0
2014-11-21 15:00:00,14.47,14.55,14.59,14.34,1191435.0
2014-11-24 15:00:00,14.6,14.69,14.76,14.54,1695313.0
2014-11-25 15:00:00,14.69,15.01,15.08,14.6,2536705.0
2014-11-26 15:00:00,15.09,14.87,15.15,14.73,2743723.0
2014-11-27 15:00:00,14.86,14.85,14.86,14.62,2614403.0
2014-11-28 15:00:00,15.19,14.7,15.27,14.56,2801210.0
2014-12-01 15:00:00,14.46,14.23,14.68,14.12,2750207.0
2014-12-02 15:00:00,14.24,14.47,14.55,14.24,1786586.0
2014-12-03 15:00:00,14.45,14.94,15.27,14.23,5328443.0
2014-12-04 15:00:00,14.89,14.81,14.98,14.54,4004844.0
2014-12-05 15:00:00,14.8,14.24,14.8,14.1,4568260.0
2014-12-08 15:00:00,14.24,14.23,14.68,14.15,3241383.0
2014-12-09 15:00:00,14.23,13.37,14.33,13.0,4852684.0
2014-12-10 15:00:00,13.38,13.67,13.87,12.03,2961668.0
2014-12-11 15:00:00,13.52,13.64,13.96,13.45,2095729.0
2014-12-12 15:00:00,13.72,13.99,14.13,13.5,2799374.0
2014-12-15 15:00:00,13.8,14.23,14.29,13.8,2975532.0
2014-12-16 15:00:00,14.24,14.08,14.24,13.98,1492325.0
2014-12-17 15:00:00,14.0,13.71,14.21,13.59,1597728.0
2014-12-18 15:00:00,13.71,13.5,13.85,13.46,1915099.0
2014-12-19 15:00:00,13.5,13.23,13.5,12.88,1999141.0
2014-12-22 15:00:00,13.19,12.29,13.27,12.21,2542592.0
2014-12-23 15:00:00,12.28,12.33,12.54,11.68,1547519.0
2014-12-24 15:00:00,12.54,12.42,12.58,12.3,1161043.0
2014-12-25 15:00:00,12.42,12.59,12.61,12.42,1014682.0
2014-12-26 15:00:00,12.56,12.48,12.56,12.18,1741707.0
2014-12-29 15:00:00,12.45,11.97,12.45,11.92,1712978.0
2014-12-30 15:00:00,11.9,13.17,13.17,11.81,2455994.0
2014-12-31 15:00:00,14.39,13.36,14.42,13.25,5428887.0
2015-01-05 15:00:00,13.47,14.31,14.7,13.01,6986861.0
2015-01-06 15:00:00,14.02,13.78,14.02,13.44,4371049.0
2015-01-07 15:00:00,13.7,13.89,14.19,13.58,1825417.0
2015-01-08 15:00:00,13.88,13.53,13.88,13.35,1383737.0
2015-01-09 15:00:00,13.5,13.45,13.72,13.39,1271962.0
2015-01-12 15:00:00,13.39,13.21,13.46,13.11,1372305.0
2015-01-13 15:00:00,13.21,13.73,13.74,13.2,1244827.0
2015-01-14 15:00:00,13.73,13.8,14.09,13.6,1566701.0
2015-01-15 15:00:00,14.0,13.76,14.02,13.56,879281.0
2015-01-16 15:00:00,13.65,13.67,13.9,13.61,1366501.0
2015-01-19 15:00:00,13.58,13.3,13.96,13.03,2440835.0
2015-01-20 15:00:00,13.3,13.72,13.83,13.3,1751080.0
2015-01-21 15:00:00,13.81,13.84,13.96,13.62,2028939.0
2015-01-22 15:00:00,13.83,14.5,14.69,13.72,4428730.0
2015-01-23 15:00:00,14.5,14.46,14.63,14.23,2705449.0
2015-01-26 15:00:00,14.41,14.46,14.56,14.16,2195018.0
2015-01-27 15:00:00,14.46,14.65,14.88,14.24,2748075.0
2015-01-28 15:00:00,14.99,15.08,15.4,14.97,3827465.0
2015-01-29 15:00:00,14.88,14.94,15.05,14.65,2363599.0
2015-01-30 15:00:00,14.94,14.72,15.1,14.72,1163166.0
2015-02-02 15:00:00,14.48,14.54,14.8,13.51,1259989.0
2015-02-03 15:00:00,14.73,14.57,14.8,14.49,771336.0
2015-02-04 15:00:00,14.55,14.44,14.6,14.38,1351630.0
2015-02-05 15:00:00,14.44,14.49,14.79,14.35,1154910.0
2015-02-06 15:00:00,14.32,14.9,15.22,14.32,3099383.0
2015-02-09 15:00:00,14.85,14.44,14.85,14.3,1520827.0
2015-02-10 15:00:00,14.19,14.48,14.64,14.19,1176864.0
2015-02-11 15:00:00,14.46,14.41,14.59,14.32,823306.0
2015-02-12 15:00:00,14.51,14.54,14.63,14.36,1038872.0
2015-02-13 15:00:00,14.57,14.4,14.66,14.3,2171148.0
2015-02-16 15:00:00,14.43,14.57,14.65,14.41,1850780.0
2015-02-17 15:00:00,14.57,14.84,14.89,14.5,1665356.0
2015-02-25 15:00:00,14.91,15.16,15.19,14.81,2179768.0
2015-02-26 15:00:00,15.01,15.24,15.5,15.01,1828465.0
2015-02-27 15:00:00,15.22,15.99,16.21,15.1,4495241.0
2015-03-02 15:00:00,16.0,17.59,17.59,15.67,7403082.0
2015-03-03 15:00:00,17.39,18.61,19.35,17.21,10109455.0
2015-03-04 15:00:00,18.65,18.91,19.2,18.49,5824915.0
2015-03-05 15:00:00,18.71,18.53,19.11,18.32,4707577.0
2015-03-06 15:00:00,18.53,17.93,18.53,17.41,4636536.0
2015-03-09 15:00:00,17.91,17.93,18.17,17.3,2909458.0
2015-03-10 15:00:00,17.99,17.94,18.05,17.7,2644523.0
2015-03-11 15:00:00,18.0,19.73,19.73,17.57,7567048.0
2015-03-12 15:00:00,20.0,19.13,20.88,18.9,7072205.0
2015-03-13 15:00:00,19.0,19.26,19.77,18.51,3887707.0
2015-03-16 15:00:00,18.95,19.48,19.5,18.7,3786144.0
2015-03-17 15:00:00,20.77,19.8,20.99,19.74,7505182.0
2015-03-18 15:00:00,19.69,19.72,19.78,19.32,3374094.0
2015-03-19 15:00:00,19.75,19.48,19.75,19.3,2937436.0
2015-03-20 15:00:00,19.66,19.39,19.66,19.24,2264259.0
2015-03-23 15:00:00,19.34,19.52,19.62,19.11,3889290.0
2015-03-24 15:00:00,19.5,18.93,19.53,18.1,4554963.0
2015-03-25 15:00:00,18.88,18.95,18.99,18.57,2709658.0
2015-03-26 15:00:00,18.89,18.85,19.17,18.6,2902240.0
2015-03-27 15:00:00,18.82,19.26,19.44,18.71,3316287.0
2015-03-30 15:00:00,19.31,19.17,19.47,19.07,3783285.0
2015-03-31 15:00:00,19.2,18.88,19.38,18.8,3022296.0
2015-04-01 15:00:00,18.81,18.94,19.4,18.76,4390737.0
2015-04-02 15:00:00,18.94,20.01,20.1,18.89,8878988.0
2015-04-03 15:00:00,19.68,20.9,21.81,19.37,9470445.0
2015-04-07 15:00:00,20.56,20.66,20.76,20.29,6662326.0
2015-04-08 15:00:00,20.69,19.69,20.7,19.45,6762881.0
2015-04-09 15:00:00,19.7,18.89,19.78,18.2,5258861.0
2015-04-10 15:00:00,18.83,19.32,19.96,18.61,3991924.0
2015-04-13 15:00:00,19.34,19.23,19.5,19.0,3742831.0
2015-04-14 15:00:00,19.15,19.5,19.65,19.0,4319173.0
2015-04-15 15:00:00,19.2,20.23,20.49,19.0,9573295.0
2015-04-16 15:00:00,19.9,19.6,19.9,19.05,5785888.0
2015-04-17 15:00:00,19.51,19.74,20.3,19.45,6717010.0
2015-04-20 15:00:00,19.59,18.6,19.61,18.6,7893390.0
2015-04-21 15:00:00,18.4,18.59,18.75,18.25,6540932.0
2015-04-22 15:00:00,18.64,18.93,18.97,18.55,7154972.0
2015-04-23 15:00:00,18.95,19.84,20.4,18.79,13395174.0
2015-04-24 15:00:00,19.59,19.29,19.59,18.86,7884743.0
2015-04-27 15:00:00,19.34,19.5,20.1,19.34,10202752.0
2015-04-28 15:00:00,19.52,19.23,19.96,19.0,6706133.0
2015-04-29 15:00:00,19.16,19.76,19.85,18.5,8567488.0
2015-04-30 15:00:00,19.58,19.63,20.45,19.57,10501452.0
2015-05-04 15:00:00,19.63,20.96,20.99,19.32,11716032.0
2015-05-05 15:00:00,21.01,19.84,21.16,19.6,9149048.0
2015-05-06 15:00:00,19.57,19.72,20.49,19.56,7675664.0
2015-05-07 15:00:00,19.82,21.69,21.69,19.7,14721773.0
2015-05-08 15:00:00,21.68,22.93,23.68,21.17,16052506.0
2015-05-11 15:00:00,22.8,23.92,24.18,22.51,13750229.0
2015-05-12 15:00:00,23.6,23.44,24.11,23.0,9615237.0
2015-05-13 15:00:00,23.14,23.72,24.9,23.02,10486133.0
2015-05-14 15:00:00,23.2,22.56,23.72,22.48,9233250.0
2015-05-15 15:00:00,22.58,22.28,23.14,22.11,5814876.0
2015-05-18 15:00:00,22.28,23.1,23.18,22.28,6641725.0
2015-05-19 15:00:00,23.12,24.52,24.96,23.12,7332966.0
2015-05-20 15:00:00,24.91,23.97,25.85,23.8,8478488.0
2015-05-21 15:00:00,23.9,24.56,25.08,23.5,6870320.0
2015-05-22 15:00:00,24.6,27.02,27.02,24.46,11535295.0
2015-05-25 15:00:00,26.8,27.99,28.2,26.2,11227943.0
2015-05-26 15:00:00,28.0,27.97,28.45,27.12,8134658.0
2015-05-27 15:00:00,27.82,28.05,28.44,27.45,6881518.0
2015-05-28 15:00:00,27.96,30.01,30.86,27.96,18242517.0
2015-05-29 15:00:00,29.43,33.01,33.01,29.43,11097048.0
2015-06-01 15:00:00,34.7,34.06,35.16,31.89,13993479.0
2015-06-02 15:00:00,33.3,35.86,37.4,33.17,12034884.0
2015-06-03 15:00:00,35.62,34.25,35.69,32.97,10810914.0
2015-06-04 15:00:00,34.0,32.55,34.51,30.83,8434134.0
2015-06-05 15:00:00,33.57,33.33,34.5,32.66,8396527.0
2015-06-08 15:00:00,33.4,36.66,36.66,33.38,12632832.0
2015-06-09 15:00:00,36.0,36.67,37.06,35.12,9427449.0
2015-06-10 15:00:00,36.0,39.63,40.2,35.22,10538281.0
2015-06-11 15:00:00,38.78,42.38,43.0,38.72,8006244.0
2015-06-12 15:00:00,41.8,41.01,43.2,40.11,6912348.0
2015-06-15 15:00:00,40.15,37.96,41.49,37.76,7433911.0
2015-06-16 15:00:00,37.69,36.1,40.04,36.0,6942276.0
2015-06-17 15:00:00,35.8,37.9,38.1,33.0,9583197.0
2015-06-18 15:00:00,37.3,35.4,38.98,35.3,5579553.0
2015-06-19 15:00:00,34.6,32.33,34.78,31.86,6109576.0
2015-06-23 15:00:00,32.41,32.28,33.5,29.3,4629081.0
2015-06-24 15:00:00,33.0,33.74,33.9,31.13,4885368.0
2015-06-25 15:00:00,33.8,34.26,36.5,32.8,6975694.0
2015-06-26 15:00:00,32.7,30.83,33.6,30.83,6097720.0
2015-06-29 15:00:00,32.06,27.75,32.1,27.75,8924010.0
2015-06-30 15:00:00,27.01,28.77,29.76,24.98,6939965.0
2015-07-01 15:00:00,28.77,29.29,31.35,28.01,7505719.0
2015-07-10 15:00:00,28.0,32.19,32.22,28.0,25237017.0
2015-07-13 15:00:00,29.1,32.31,34.3,29.1,24945266.0
2015-07-14 15:00:00,31.03,30.21,33.3,30.15,17758439.0
2015-07-15 15:00:00,28.79,27.19,28.79,27.19,4863358.0
2015-07-16 15:00:00,24.47,24.47,27.19,24.47,14472062.0
2015-07-17 15:00:00,22.52,25.04,25.85,22.52,14557064.0
2015-07-20 15:00:00,24.6,24.2,25.25,23.51,11641250.0
2015-07-21 15:00:00,23.79,26.61,26.62,23.32,14618180.0
2015-07-22 15:00:00,26.6,26.43,27.5,25.7,13544112.0
2015-07-23 15:00:00,26.43,27.42,28.5,25.72,13732957.0
2015-07-24 15:00:00,27.1,27.2,28.7,26.8,13250922.0
2015-07-27 15:00:00,26.21,24.48,26.85,24.48,13168280.0
2015-07-28 15:00:00,22.03,22.03,23.68,22.03,9004168.0
2015-07-29 15:00:00,22.3,21.84,22.9,20.0,11124662.0
2015-07-30 15:00:00,21.85,21.63,23.25,21.1,10879160.0
2015-07-31 15:00:00,22.7,23.79,23.79,22.6,23684039.0
2015-08-03 15:00:00,24.0,21.41,24.0,21.41,14075194.0
2015-08-04 15:00:00,20.19,22.23,22.46,20.19,12756612.0
2015-08-05 15:00:00,22.4,22.75,23.48,21.9,14109251.0
2015-08-06 15:00:00,22.2,24.21,24.39,20.8,18624475.0
2015-08-07 15:00:00,24.29,24.48,25.28,23.51,16881492.0
2015-08-10 15:00:00,24.8,25.46,25.77,24.4,15689715.0
2015-08-11 15:00:00,25.02,25.39,26.03,24.8,13838743.0
2015-08-12 15:00:00,25.4,23.97,25.42,23.83,10131826.0
2015-08-13 15:00:00,23.58,24.39,24.48,23.16,7740634.0
2015-08-14 15:00:00,24.44,26.11,26.2,24.07,15415002.0
2015-08-17 15:00:00,25.95,25.93,26.29,25.25,11691869.0
2015-08-18 15:00:00,26.25,23.34,26.97,23.34,15040909.0
2015-08-19 15:00:00,22.55,25.67,25.67,21.5,17034305.0
2015-08-20 15:00:00,25.4,25.51,27.12,25.08,19055975.0
2015-08-21 15:00:00,24.79,23.69,26.0,22.96,14889261.0
2015-08-24 15:00:00,22.34,21.32,22.93,21.32,4966854.0
2015-08-25 15:00:00,19.19,19.19,19.59,19.19,3496332.0
2015-08-26 15:00:00,19.19,17.27,19.48,17.27,14642411.0
2015-08-27 15:00:00,17.1,16.01,17.8,15.54,14811404.0
2015-08-28 15:00:00,16.2,17.49,17.59,15.61,14103400.0
2015-08-31 15:00:00,17.45,15.74,17.45,15.74,9769016.0
2015-09-01 15:00:00,15.0,14.17,15.0,14.17,8065936.0
2015-09-02 15:00:00,12.78,12.75,14.19,12.75,11275408.0
2015-09-07 15:00:00,13.02,13.33,13.85,12.96,12232625.0
2015-09-08 15:00:00,13.29,13.54,13.64,12.05,11692220.0
2015-09-09 15:00:00,13.64,14.89,14.89,13.64,17937777.0
2015-09-10 15:00:00,14.4,14.06,14.85,13.91,12310366.0
2015-09-11 15:00:00,14.08,14.25,14.38,13.9,8230107.0
2015-09-14 15:00:00,14.29,12.83,15.0,12.83,12737185.0
2015-09-15 15:00:00,12.1,11.55,12.27,11.55,7949014.0
2015-09-16 15:00:00,11.5,12.7,12.71,11.25,12770114.0
2015-09-17 15:00:00,12.45,12.26,13.64,12.24,12865466.0
2015-09-18 15:00:00,12.43,12.27,12.63,11.86,7668482.0
2015-09-21 15:00:00,11.96,12.74,12.89,11.82,8161600.0
2015-09-22 15:00:00,12.75,13.18,13.45,12.71,11322767.0
2015-09-23 15:00:00,12.72,12.69,13.09,12.6,7875947.0
2015-09-24 15:00:00,12.73,13.28,13.36,12.62,8303423.0
2015-09-25 15:00:00,13.06,12.4,13.12,12.21,7487887.0
2015-09-28 15:00:00,13.21,13.14,13.4,12.81,9888934.0
2015-09-29 15:00:00,12.5,12.97,13.6,12.5,10487608.0
2015-09-30 15:00:00,13.01,12.96,13.2,12.82,6803759.0
2015-10-08 15:00:00,13.6,13.79,13.98,13.33,9748834.0
2015-11-10 15:00:00,13.79,13.79,13.79,13.79,0.0

