entry_datetime,open,close,high,low,vol
2010-04-16 09:15:00,3497.200000,3475.200000,3517.400000,3465.300000,5290
2010-04-16 09:30:00,3474.600000,3472,3483.600000,3468.600000,4574
2010-04-16 09:45:00,3472.200000,3472.100000,3472.700000,3465,4218
2010-04-16 10:00:00,3472.100000,3465.300000,3472.400000,3462.900000,3152
2010-04-16 10:15:00,3465.300000,3454,3466.600000,3451.900000,4175
2010-04-16 10:30:00,3453.700000,3455.300000,3457.400000,3450.900000,3151
2010-04-16 10:45:00,3455.300000,3454.700000,3455.800000,3453.100000,2099
2010-04-16 11:00:00,3454.700000,3455.200000,3455.400000,3452.700000,1708
2010-04-16 11:15:00,3455.200000,3454.300000,3457.100000,3453.700000,1953
2010-04-16 13:00:00,3454.300000,3451.900000,3454.600000,3450.900000,1413
2010-04-16 13:15:00,3452,3450.200000,3452,3449.300000,1712
2010-04-16 13:30:00,3450.400000,3457.600000,3458.600000,3449.500000,3312
2010-04-16 13:45:00,3458.300000,3465.900000,3466,3455.300000,3395
2010-04-16 14:00:00,3465.300000,3462.700000,3467.100000,3461.600000,4171
2010-04-16 14:15:00,3462.700000,3458.300000,3463.100000,3456.900000,3234
2010-04-16 14:30:00,3458.400000,3452.400000,3458.600000,3451.500000,3339
2010-04-16 14:45:00,3452.600000,3443,3453.300000,3441.400000,3445
2010-04-16 15:00:00,3442.800000,3434.500000,3446.300000,3432.100000,4116
2010-04-19 09:15:00,3410.900000,3401.200000,3413.600000,3398.900000,3975
2010-04-19 09:30:00,3401.100000,3395,3402.900000,3392.700000,4724
2010-04-19 09:45:00,3394.400000,3392.900000,3396.500000,3392.800000,3802
2010-04-19 10:00:00,3392.700000,3376.200000,3393.400000,3375.300000,5176
2010-04-19 10:15:00,3376.100000,3379.200000,3379.900000,3370.400000,5051
2010-04-19 10:30:00,3378.600000,3379.300000,3381.600000,3372.600000,4691
2010-04-19 10:45:00,3379.500000,3363.600000,3379.900000,3359.900000,6594
2010-04-19 11:00:00,3363.500000,3345.300000,3364.100000,3341.800000,7066
2010-04-19 11:15:00,3345.200000,3314.300000,3347.600000,3311.700000,8250
2010-04-19 13:00:00,3314.600000,3310.500000,3317.800000,3307.800000,5916
2010-04-19 13:15:00,3310.500000,3310.400000,3311.900000,3299.800000,7664
2010-04-19 13:30:00,3310.100000,3297.800000,3311.100000,3294.200000,6705
2010-04-19 13:45:00,3297.600000,3303.200000,3308.300000,3294.100000,5807
2010-04-19 14:00:00,3303.200000,3247.200000,3303.400000,3242.400000,10664
2010-04-19 14:15:00,3247.200000,3230.100000,3247.300000,3218.900000,11199
2010-04-19 14:30:00,3229.700000,3209.200000,3235.300000,3205.200000,9626
2010-04-19 14:45:00,3208.600000,3212.200000,3219.200000,3192.200000,9126
2010-04-19 15:00:00,3212.200000,3209.700000,3212.600000,3181.800000,7576
2010-04-20 09:15:00,3228.500000,3228.900000,3233.300000,3216.100000,6971
2010-04-20 09:30:00,3228.900000,3213.700000,3236.500000,3206.900000,11534
2010-04-20 09:45:00,3213.700000,3223,3223.400000,3199.500000,8211
2010-04-20 10:00:00,3223.200000,3215,3223.200000,3214.100000,6654
2010-04-20 10:15:00,3215.100000,3224.900000,3228.400000,3209.900000,8482
2010-04-20 10:30:00,3224.900000,3220.700000,3228.500000,3214,8821
2010-04-20 10:45:00,3219.900000,3223,3229.700000,3219.800000,6957
2010-04-20 11:00:00,3222.600000,3211.600000,3223.300000,3210.900000,8413
2010-04-20 11:15:00,3211.600000,3215.900000,3216.700000,3207.700000,6501
2010-04-20 13:00:00,3216.800000,3206.600000,3218.100000,3205.300000,5507
2010-04-20 13:15:00,3206.800000,3185.700000,3206.800000,3180.700000,10868
2010-04-20 13:30:00,3185.700000,3188.700000,3192.200000,3184.100000,7835
2010-04-20 13:45:00,3188.700000,3193.900000,3200.900000,3186.800000,8736
2010-04-20 14:00:00,3194.100000,3233.800000,3249.800000,3188.500000,16513
2010-04-20 14:15:00,3233.800000,3223.800000,3237.200000,3221.900000,11252
2010-04-20 14:30:00,3224,3227.200000,3235.600000,3218.700000,9457
2010-04-20 14:45:00,3227.200000,3228.600000,3235.700000,3225.500000,5847
2010-04-20 15:00:00,3228.600000,3228.400000,3230.500000,3223.300000,4860
2010-04-21 09:15:00,3231.700000,3237.200000,3238.700000,3226.300000,5741
2010-04-21 09:30:00,3237,3241.800000,3242.200000,3232.500000,6951
2010-04-21 09:45:00,3242,3238.800000,3243.600000,3236.900000,6680
2010-04-21 10:00:00,3238.800000,3233.300000,3239.800000,3231.300000,5583
2010-04-21 10:15:00,3233.300000,3224.900000,3236.200000,3223.700000,5427
2010-04-21 10:30:00,3224.900000,3224.800000,3227.200000,3220.500000,7047
2010-04-21 10:45:00,3225,3228.200000,3229.600000,3224.400000,5031
2010-04-21 11:00:00,3228.500000,3228.700000,3230.200000,3226.100000,4193
2010-04-21 11:15:00,3228.900000,3240.200000,3244.100000,3227.400000,7145
2010-04-21 13:00:00,3240.200000,3247.500000,3250,3237.800000,5658
2010-04-21 13:15:00,3247.500000,3249.700000,3254.100000,3245.200000,6620
2010-04-21 13:30:00,3249.500000,3256,3259.300000,3247.600000,8772
2010-04-21 13:45:00,3256.200000,3252.900000,3262.600000,3250.300000,7889
2010-04-21 14:00:00,3252.700000,3267.300000,3269.100000,3251.600000,8981
2010-04-21 14:15:00,3266.800000,3271.100000,3272.800000,3261.900000,7788
2010-04-21 14:30:00,3271.100000,3288.200000,3291.900000,3271.100000,9096
2010-04-21 14:45:00,3288.200000,3280.200000,3288.200000,3278.700000,7063
2010-04-21 15:00:00,3280.400000,3280.100000,3281.500000,3275,5358
2010-04-22 09:15:00,3274.400000,3257.700000,3274.500000,3257.200000,5855
2010-04-22 09:30:00,3257.500000,3251.900000,3261.600000,3247.300000,8082
2010-04-22 09:45:00,3251.700000,3253.600000,3254.100000,3243.500000,7071
2010-04-22 10:00:00,3253.600000,3225.800000,3258.600000,3222.600000,11275
2010-04-22 10:15:00,3226.100000,3227.300000,3233.700000,3224.700000,6930
2010-04-22 10:30:00,3227.200000,3238.400000,3239.600000,3225.600000,7130
2010-04-22 10:45:00,3238.400000,3255,3256.300000,3224.600000,9171
2010-04-22 11:00:00,3257.700000,3256.800000,3267.300000,3254.500000,11062
2010-04-22 11:15:00,3256.800000,3272,3273.200000,3256.800000,6603
2010-04-22 13:00:00,3272.100000,3257,3272.300000,3253.200000,6723
2010-04-22 13:15:00,3257,3271.100000,3275.100000,3257,8011
2010-04-22 13:30:00,3271.200000,3279.400000,3281.500000,3263,9023
2010-04-22 13:45:00,3278.700000,3265.900000,3284.200000,3265.900000,8831
2010-04-22 14:00:00,3265.800000,3265.500000,3272.700000,3257.900000,9431
2010-04-22 14:15:00,3265.600000,3257.600000,3269.500000,3256.200000,6742
2010-04-22 14:30:00,3257.600000,3250.200000,3257.600000,3243.800000,8252
2010-04-22 14:45:00,3250,3246.900000,3250.800000,3240.600000,6868
2010-04-22 15:00:00,3246.900000,3249.900000,3251,3244.100000,3247
2010-04-23 09:15:00,3259.100000,3261.900000,3268.600000,3258.500000,6618
2010-04-23 09:30:00,3261.900000,3264.400000,3273.200000,3260.800000,7160
2010-04-23 09:45:00,3264.400000,3265,3266.500000,3260,5861
2010-04-23 10:00:00,3265,3272,3274.300000,3264.100000,7305
2010-04-23 10:15:00,3272.300000,3270,3276.200000,3268.800000,6474
2010-04-23 10:30:00,3270.300000,3262.800000,3274.300000,3259.400000,9326
2010-04-23 10:45:00,3262.800000,3257.100000,3265.700000,3256.400000,6977
2010-04-23 11:00:00,3257.500000,3251.900000,3260.400000,3251.500000,6288
2010-04-23 11:15:00,3251.900000,3255.200000,3255.800000,3249.100000,5071
2010-04-23 13:00:00,3255.200000,3250.900000,3255.700000,3247.400000,4576
2010-04-23 13:15:00,3250.900000,3238.600000,3251.400000,3236.700000,7122
2010-04-23 13:30:00,3238.800000,3242.100000,3244.200000,3234.400000,7790
2010-04-23 13:45:00,3242.300000,3259.900000,3260.500000,3239.600000,9958
2010-04-23 14:00:00,3259.600000,3263.600000,3265.100000,3256.300000,7706
2010-04-23 14:15:00,3263.100000,3248.600000,3263.100000,3248.200000,7831
2010-04-23 14:30:00,3248.800000,3246.800000,3252.300000,3243.700000,6774
2010-04-23 14:45:00,3247,3243.400000,3247.200000,3240.900000,4642
2010-04-23 15:00:00,3243.400000,3235.400000,3246.300000,3235.200000,4484
2010-04-26 09:15:00,3262.200000,3262.500000,3265.200000,3258.100000,5406
2010-04-26 09:30:00,3261.800000,3248,3262.500000,3245.800000,6125
2010-04-26 09:45:00,3248,3240.700000,3251.900000,3237.700000,6941
2010-04-26 10:00:00,3240.600000,3248.500000,3249.300000,3236.700000,6706
2010-04-26 10:15:00,3248.700000,3249.900000,3253.100000,3246.500000,6845
2010-04-26 10:30:00,3250.200000,3244.700000,3255,3244.700000,7526
2010-04-26 10:45:00,3244.700000,3257.100000,3261.200000,3244.600000,8052
2010-04-26 11:00:00,3257.300000,3249.400000,3258.400000,3248.500000,7638
2010-04-26 11:15:00,3249.400000,3256.300000,3256.500000,3248.400000,5101
2010-04-26 13:00:00,3256.500000,3255.800000,3258.500000,3249.700000,4686
2010-04-26 13:15:00,3256,3252.800000,3259.200000,3252.300000,5181
2010-04-26 13:30:00,3253.100000,3246.400000,3255,3245.400000,6314
2010-04-26 13:45:00,3246.400000,3244.600000,3250.200000,3242.800000,6971
2010-04-26 14:00:00,3244.600000,3247.100000,3252.200000,3241.500000,6902
2010-04-26 14:15:00,3247.100000,3241.300000,3252.800000,3240.900000,5876
2010-04-26 14:30:00,3241,3228.900000,3243.200000,3228.700000,8090
2010-04-26 14:45:00,3229.600000,3229,3230.700000,3223.700000,7563
2010-04-26 15:00:00,3229.200000,3233,3234.800000,3227.400000,4336
2010-04-27 09:15:00,3218.700000,3202.400000,3218.700000,3199.200000,6516
2010-04-27 09:30:00,3202.200000,3195.800000,3205.300000,3193.200000,6808
2010-04-27 09:45:00,3195.800000,3194.400000,3200.400000,3191.300000,6281
2010-04-27 10:00:00,3194.800000,3184.400000,3198.100000,3183.700000,7650
2010-04-27 10:15:00,3184.300000,3178,3185.100000,3173,7740
2010-04-27 10:30:00,3178.200000,3153.300000,3181.800000,3149.800000,8205
2010-04-27 10:45:00,3153.300000,3160.100000,3163,3151,6803
2010-04-27 11:00:00,3160.100000,3139.700000,3161.700000,3137.700000,10718
2010-04-27 11:15:00,3139.800000,3159.200000,3162.100000,3139.300000,8311
2010-04-27 13:00:00,3160.800000,3155.800000,3165.700000,3143.500000,9353
2010-04-27 13:15:00,3155.800000,3156.800000,3161.600000,3153.600000,6550
2010-04-27 13:30:00,3156.800000,3132.700000,3157.300000,3129,11657
2010-04-27 13:45:00,3132.700000,3136.100000,3141.600000,3129.200000,8729
2010-04-27 14:00:00,3136.300000,3129.300000,3144,3125.200000,8205
2010-04-27 14:15:00,3129.300000,3128.100000,3132.700000,3121.600000,10342
2010-04-27 14:30:00,3128.100000,3134.500000,3137.100000,3125.400000,7626
2010-04-27 14:45:00,3134.200000,3149.600000,3153.800000,3134.200000,9475
2010-04-27 15:00:00,3149.600000,3155.800000,3156.600000,3148.300000,5154
2010-04-28 09:15:00,3114.200000,3122.200000,3125,3112.600000,8913
2010-04-28 09:30:00,3121.700000,3130.800000,3130.800000,3118.600000,8206
2010-04-28 09:45:00,3130.600000,3140.100000,3142.800000,3129.400000,9114
2010-04-28 10:00:00,3140.100000,3146.500000,3151.800000,3138.500000,8946
2010-04-28 10:15:00,3146.500000,3140.500000,3149,3138.500000,8075
2010-04-28 10:30:00,3140.900000,3141.400000,3148.300000,3138,7495
2010-04-28 10:45:00,3141.400000,3140.600000,3143.400000,3134.900000,8395
2010-04-28 11:00:00,3140.600000,3145.100000,3148.100000,3140.100000,6759
2010-04-28 11:15:00,3145.300000,3147.200000,3148.100000,3141.400000,4895
2010-04-28 13:00:00,3145.800000,3144.700000,3147.200000,3141.700000,5024
2010-04-28 13:15:00,3144.700000,3131.500000,3146.100000,3129.700000,8931
2010-04-28 13:30:00,3131.500000,3129.700000,3134.300000,3127.100000,7590
2010-04-28 13:45:00,3129.700000,3135.600000,3138.300000,3129.200000,6298
2010-04-28 14:00:00,3135.600000,3148,3151.700000,3130.700000,10084
2010-04-28 14:15:00,3148.300000,3145.500000,3149.300000,3142.700000,7463
2010-04-28 14:30:00,3146.500000,3152.900000,3156.600000,3146.200000,8000
2010-04-28 14:45:00,3153.200000,3143.400000,3153.700000,3142.100000,5754
2010-04-28 15:00:00,3143.400000,3146.700000,3147.200000,3142.100000,3849
2010-04-29 09:15:00,3161.500000,3167,3168.400000,3159.900000,6058
2010-04-29 09:30:00,3166.800000,3170.400000,3172.600000,3165.600000,6758
2010-04-29 09:45:00,3170.200000,3163.300000,3170.500000,3160.600000,7108
2010-04-29 10:00:00,3163.300000,3163.200000,3168.500000,3162.100000,6175
2010-04-29 10:15:00,3163.200000,3162.600000,3165.600000,3158.700000,6283
2010-04-29 10:30:00,3162.700000,3159.900000,3162.800000,3156.500000,6927
2010-04-29 10:45:00,3160.100000,3156.100000,3161.600000,3154.700000,5626
2010-04-29 11:00:00,3156.300000,3159.400000,3159.400000,3154.400000,4238
2010-04-29 11:15:00,3159.400000,3162.800000,3163.300000,3157.800000,4352
2010-04-29 13:00:00,3163.100000,3160.500000,3163.900000,3159.900000,3798
2010-04-29 13:15:00,3160.600000,3166.500000,3168.100000,3155.500000,8104
2010-04-29 13:30:00,3166.300000,3167.800000,3168.300000,3164,5536
2010-04-29 13:45:00,3167.800000,3160.200000,3167.900000,3160,6024
2010-04-29 14:00:00,3160.100000,3155.200000,3160.400000,3152.300000,7727
2010-04-29 14:15:00,3154.700000,3147.200000,3155.900000,3145.500000,7366
2010-04-29 14:30:00,3147.400000,3135.700000,3148.300000,3134.200000,8354
2010-04-29 14:45:00,3135.900000,3119,3136.900000,3111.100000,11405
2010-04-29 15:00:00,3118.900000,3100.800000,3119.800000,3099.600000,9415
2010-04-30 09:15:00,3118.600000,3110.100000,3123,3106.100000,8620
2010-04-30 09:30:00,3109.400000,3106.800000,3119,3088.900000,12274
2010-04-30 09:45:00,3106.800000,3103.200000,3107.800000,3095.200000,10162
2010-04-30 10:00:00,3102,3114.900000,3119.100000,3100,10870
2010-04-30 10:15:00,3114.900000,3111.100000,3120,3110.600000,8100
2010-04-30 10:30:00,3111.100000,3116.800000,3117.500000,3106.300000,8125
2010-04-30 10:45:00,3116.600000,3103.300000,3122.400000,3102,8451
2010-04-30 11:00:00,3103.500000,3095.700000,3105.700000,3091.700000,10554
2010-04-30 11:15:00,3095.800000,3086.800000,3097.300000,3077.300000,11114
2010-04-30 13:00:00,3087.500000,3072.400000,3088.200000,3068.900000,8390
2010-04-30 13:15:00,3072.400000,3093.700000,3098.900000,3067.800000,13082
2010-04-30 13:30:00,3093.900000,3092.700000,3098.900000,3086.600000,11322
2010-04-30 13:45:00,3092.700000,3083.500000,3095,3081.700000,9892
2010-04-30 14:00:00,3083.900000,3079.500000,3083.900000,3059.800000,14719
2010-04-30 14:15:00,3079.400000,3097.800000,3097.800000,3074.200000,11692
2010-04-30 14:30:00,3097.300000,3109.100000,3109.500000,3091.100000,13290
2010-04-30 14:45:00,3109.400000,3116.300000,3122.900000,3106.500000,12580
2010-04-30 15:00:00,3116.300000,3125.800000,3134.800000,3115.700000,10143
2010-05-04 09:15:00,3095.200000,3083.700000,3104.400000,3079,12894
2010-05-04 09:30:00,3083.600000,3093.500000,3100.300000,3080.500000,11728
2010-05-04 09:45:00,3093.300000,3097.800000,3099.100000,3088.300000,8626
2010-05-04 10:00:00,3098.300000,3101.800000,3104.700000,3095.500000,8449
2010-05-04 10:15:00,3101.200000,3097.200000,3109.500000,3097.200000,8269
2010-05-04 10:30:00,3097.400000,3095.600000,3108.100000,3095,9660
2010-05-04 10:45:00,3095.500000,3093.200000,3096.400000,3090.300000,7273
2010-05-04 11:00:00,3093.700000,3103.400000,3103.400000,3090.100000,9117
2010-05-04 11:15:00,3103.400000,3099,3103.600000,3093.500000,5844
2010-05-04 13:00:00,3099,3099.200000,3102.300000,3092.800000,5850
2010-05-04 13:15:00,3099.400000,3088.500000,3102.100000,3087.400000,9624
2010-05-04 13:30:00,3088.500000,3090.900000,3094.500000,3084.300000,10159
2010-05-04 13:45:00,3090.900000,3093.800000,3099.300000,3090.600000,8385
2010-05-04 14:00:00,3093.800000,3088,3095.700000,3086.500000,9248
2010-05-04 14:15:00,3088,3090.400000,3092.300000,3080.900000,10885
2010-05-04 14:30:00,3090.400000,3082.200000,3092,3078,8879
2010-05-04 14:45:00,3082.200000,3087.500000,3089.200000,3078.800000,6752
2010-05-04 15:00:00,3087.600000,3095.500000,3095.700000,3085.600000,5929
2010-05-05 09:15:00,3068.100000,3065.800000,3072,3062,8694
2010-05-05 09:30:00,3065.700000,3067.300000,3073.800000,3064.800000,8913
2010-05-05 09:45:00,3067,3062.800000,3067.100000,3056.400000,9548
2010-05-05 10:00:00,3062.600000,3061.300000,3066.400000,3060.500000,7307
2010-05-05 10:15:00,3061,3055.200000,3063.700000,3053.500000,6677
2010-05-05 10:30:00,3055.400000,3050.600000,3058,3048.400000,9101
2010-05-05 10:45:00,3050.400000,3053.400000,3054,3047.100000,7899
2010-05-05 11:00:00,3053.700000,3056.900000,3059.300000,3051.900000,7633
2010-05-05 11:15:00,3057.100000,3063.900000,3064,3055.700000,5790
2010-05-05 13:00:00,3064.200000,3065.900000,3066.200000,3060.200000,6649
2010-05-05 13:15:00,3065.800000,3069.600000,3071.600000,3065.400000,9678
2010-05-05 13:30:00,3069.600000,3082.500000,3083.200000,3066.800000,11771
2010-05-05 13:45:00,3082.500000,3091.100000,3091.900000,3079.100000,11244
2010-05-05 14:00:00,3090.900000,3090.700000,3093.500000,3087.900000,9562
2010-05-05 14:15:00,3090.700000,3092.100000,3097.300000,3086.100000,10006
2010-05-05 14:30:00,3091.800000,3096.200000,3096.200000,3086.200000,8900
2010-05-05 14:45:00,3096.200000,3099.900000,3101.700000,3095.200000,7492
2010-05-05 15:00:00,3099.900000,3094.100000,3100.100000,3092.500000,6846
2010-05-06 09:15:00,3099,3090.700000,3099.600000,3090.100000,6364
2010-05-06 09:30:00,3091,3087.600000,3094.800000,3085.300000,7995
2010-05-06 09:45:00,3087.400000,3087.500000,3091.400000,3083.100000,7700
2010-05-06 10:00:00,3087.300000,3079.100000,3088.200000,3077.900000,8835
2010-05-06 10:15:00,3079.100000,3082.400000,3083.400000,3078.300000,7717
2010-05-06 10:30:00,3082.400000,3077.700000,3083.800000,3075.700000,7780
2010-05-06 10:45:00,3077.600000,3080.500000,3085.600000,3077.600000,7400
2010-05-06 11:00:00,3080.600000,3069.200000,3080.800000,3068.300000,11115
2010-05-06 11:15:00,3069,3065,3074.900000,3064.700000,7835
2010-05-06 13:00:00,3062.600000,3055.100000,3064,3052.900000,9347
2010-05-06 13:15:00,3055.200000,3044,3057.600000,3040.500000,11435
2010-05-06 13:30:00,3043.500000,3047.100000,3052.100000,3040.900000,10505
2010-05-06 13:45:00,3047.600000,3020.800000,3047.700000,3016.400000,15243
2010-05-06 14:00:00,3020.300000,3024.600000,3030.400000,3010.400000,14984
2010-05-06 14:15:00,3024.600000,2994.700000,3024.900000,2994.700000,15263
2010-05-06 14:30:00,2994.400000,2994.200000,2998.200000,2988.700000,13822
2010-05-06 14:45:00,2994.400000,2983.800000,2998.100000,2976.900000,11756
2010-05-06 15:00:00,2983.800000,2990.600000,2990.600000,2983.100000,6603
2010-05-07 09:15:00,2950.800000,2923.400000,2950.800000,2917.800000,11413
2010-05-07 09:30:00,2923.400000,2930.300000,2930.600000,2902.700000,13641
2010-05-07 09:45:00,2929.800000,2932.900000,2942.400000,2927.500000,12350
2010-05-07 10:00:00,2933.200000,2937.700000,2943.500000,2932.100000,9706
2010-05-07 10:15:00,2938,2933.200000,2938.700000,2924.100000,12564
2010-05-07 10:30:00,2933.100000,2960.200000,2962.800000,2930.600000,12438
2010-05-07 10:45:00,2960.400000,2972.600000,2975.400000,2953.100000,13725
2010-05-07 11:00:00,2973,2957.400000,2973,2954.900000,12116
2010-05-07 11:15:00,2957.400000,2961.200000,2967.200000,2951.200000,10597
2010-05-07 13:00:00,2962,2936,2966.400000,2935.500000,12089
2010-05-07 13:15:00,2936,2919.400000,2937.200000,2916.300000,14905
2010-05-07 13:30:00,2919.400000,2896.100000,2929.500000,2884.700000,17659
2010-05-07 13:45:00,2896.200000,2944.600000,2944.600000,2888.800000,22422
2010-05-07 14:00:00,2944.500000,2915.700000,2946.300000,2909.200000,22572
2010-05-07 14:15:00,2915.700000,2908.700000,2924,2899.800000,19942
2010-05-07 14:30:00,2909.300000,2916.300000,2936.100000,2904.300000,17996
2010-05-07 14:45:00,2916.300000,2916.500000,2923.800000,2908.300000,12199
2010-05-07 15:00:00,2916.200000,2920.900000,2922,2906.400000,8342
2010-05-10 09:15:00,2940.200000,2942.400000,2943.900000,2930.700000,10048
2010-05-10 09:30:00,2942.400000,2925.300000,2943.300000,2921.400000,12741
2010-05-10 09:45:00,2925.300000,2934,2936.800000,2924.500000,10757
2010-05-10 10:00:00,2934,2930.200000,2938.400000,2929.100000,9715
2010-05-10 10:15:00,2929.900000,2924,2932.400000,2918.600000,12024
2010-05-10 10:30:00,2924.100000,2910.500000,2924.100000,2901.800000,12852
2010-05-10 10:45:00,2911,2898.200000,2913,2893.700000,11651
2010-05-10 11:00:00,2898.200000,2898.400000,2901.200000,2889.200000,14460
2010-05-10 11:15:00,2898,2909.900000,2910.100000,2896.100000,10370
2010-05-10 13:00:00,2911.900000,2923.200000,2924,2904.200000,11132
2010-05-10 13:15:00,2922.300000,2917.400000,2927.700000,2916.100000,12679
2010-05-10 13:30:00,2917.700000,2923.900000,2931.900000,2917.400000,14418
2010-05-10 13:45:00,2923.800000,2929.300000,2939.100000,2920.900000,15653
2010-05-10 14:00:00,2929.400000,2933.500000,2946.700000,2929.400000,16598
2010-05-10 14:15:00,2933.500000,2930.300000,2938.600000,2927.600000,14282
2010-05-10 14:30:00,2930.100000,2922.100000,2934,2918.800000,13469
2010-05-10 14:45:00,2921.700000,2928.800000,2929.900000,2918.200000,8855
2010-05-10 15:00:00,2928.900000,2937.700000,2938.100000,2926.400000,6503
2010-05-11 09:15:00,2971,2966.200000,2972.800000,2964.700000,12052
2010-05-11 09:30:00,2966.300000,2960,2967.200000,2958.300000,12574
2010-05-11 09:45:00,2960,2951.500000,2960.200000,2948.100000,11016
2010-05-11 10:00:00,2951.500000,2941.700000,2954.300000,2940.400000,10994
2010-05-11 10:15:00,2942,2953.400000,2953.400000,2941.300000,13262
2010-05-11 10:30:00,2953.400000,2938.400000,2953.800000,2937.100000,12050
2010-05-11 10:45:00,2938.100000,2935.600000,2942,2930.300000,13955
2010-05-11 11:00:00,2935.600000,2928.100000,2948.300000,2926.300000,13323
2010-05-11 11:15:00,2928.100000,2929.100000,2931,2923.500000,11372
2010-05-11 13:00:00,2927.100000,2914.600000,2927.100000,2912.900000,11985
2010-05-11 13:15:00,2914.300000,2899.400000,2914.500000,2898.500000,14804
2010-05-11 13:30:00,2899.300000,2888.400000,2905.700000,2888.400000,15123
2010-05-11 13:45:00,2888.900000,2875.300000,2890.700000,2873.700000,16439
2010-05-11 14:00:00,2875.400000,2840.900000,2880.200000,2838.600000,18870
2010-05-11 14:15:00,2841.100000,2838.800000,2849.600000,2831.900000,21013
2010-05-11 14:30:00,2838.700000,2832.100000,2842,2825.100000,18580
2010-05-11 14:45:00,2832,2834.300000,2839.600000,2830.300000,10159
2010-05-11 15:00:00,2834.300000,2820.900000,2838.600000,2818.200000,8741
2010-05-12 09:15:00,2826.500000,2811.900000,2829.400000,2806,12299
2010-05-12 09:30:00,2811.900000,2814.200000,2815.700000,2804.100000,14617
2010-05-12 09:45:00,2814.200000,2864.900000,2870.300000,2814.200000,23962
2010-05-12 10:00:00,2864.500000,2857.500000,2867.500000,2856.700000,18501
2010-05-12 10:15:00,2857.400000,2847.200000,2859.400000,2845.600000,17135
2010-05-12 10:30:00,2847.200000,2839,2858.300000,2838.900000,15124
2010-05-12 10:45:00,2839,2829.400000,2840.700000,2821.800000,20634
2010-05-12 11:00:00,2829.500000,2821,2830,2810,17759
2010-05-12 11:15:00,2821.200000,2825.200000,2825.600000,2811,13782
2010-05-12 13:00:00,2820.800000,2810.500000,2821.400000,2801.600000,15275
2010-05-12 13:15:00,2810.500000,2849.300000,2852.800000,2809.100000,22800
2010-05-12 13:30:00,2849.300000,2863.800000,2863.800000,2845,20637
2010-05-12 13:45:00,2864.300000,2852.700000,2866.200000,2849.300000,20118
2010-05-12 14:00:00,2852.700000,2844.800000,2853,2836.800000,18492
2010-05-12 14:15:00,2844.700000,2852.300000,2852.300000,2822.400000,21951
2010-05-12 14:30:00,2851.700000,2847,2858.600000,2844.600000,21075
2010-05-12 14:45:00,2846.600000,2850.600000,2855,2843.800000,12836
2010-05-12 15:00:00,2850.600000,2854.900000,2855.400000,2850.300000,8028
2010-05-13 09:15:00,2866,2850.300000,2866.400000,2846.100000,12047
2010-05-13 09:30:00,2850.100000,2871.400000,2873.300000,2844,22231
2010-05-13 09:45:00,2870.800000,2859.800000,2874.500000,2858.800000,19647
2010-05-13 10:00:00,2860,2854.300000,2866.600000,2853.500000,15088
2010-05-13 10:15:00,2854.600000,2851.700000,2863,2848.800000,15265
2010-05-13 10:30:00,2851.600000,2847.200000,2854.700000,2843.900000,12959
2010-05-13 10:45:00,2847.100000,2861.600000,2862.900000,2845.900000,15150
2010-05-13 11:00:00,2862.100000,2865.100000,2867.300000,2859,12808
2010-05-13 11:15:00,2865.300000,2867.800000,2868.100000,2862.400000,10627
2010-05-13 13:00:00,2868.400000,2868.600000,2870.200000,2861.700000,9681
2010-05-13 13:15:00,2868.600000,2872.600000,2875.900000,2867.900000,13032
2010-05-13 13:30:00,2872.700000,2896.100000,2897.400000,2872.400000,16695
2010-05-13 13:45:00,2896.200000,2896.200000,2902.700000,2893.900000,13083
2010-05-13 14:00:00,2896.200000,2915.400000,2923.800000,2888.900000,18854
2010-05-13 14:15:00,2915.800000,2922.200000,2925.300000,2913.700000,18903
2010-05-13 14:30:00,2921.800000,2911.700000,2925.500000,2909.600000,12219
2010-05-13 14:45:00,2911.400000,2912.600000,2916.300000,2909.900000,9677
2010-05-13 15:00:00,2912.500000,2913.700000,2916.500000,2911.200000,7187
2010-05-14 09:15:00,2898.700000,2892.600000,2905.500000,2890.700000,11739
2010-05-14 09:30:00,2892.600000,2896.600000,2900,2891.400000,11402
2010-05-14 09:45:00,2896.600000,2882.800000,2897.100000,2879.100000,15831
2010-05-14 10:00:00,2882.700000,2893.800000,2895.100000,2881.800000,14169
2010-05-14 10:15:00,2894.100000,2902.700000,2904.600000,2892,12716
2010-05-14 10:30:00,2902.700000,2892.100000,2905.100000,2890,15216
2010-05-14 10:45:00,2892.100000,2891.300000,2893.900000,2886.900000,10804
2010-05-14 11:00:00,2891.100000,2897.800000,2898.300000,2887.300000,10887
2010-05-14 11:15:00,2897.900000,2896.700000,2903.500000,2895.800000,8459
2010-05-14 13:00:00,2898.200000,2906.800000,2908.800000,2891.300000,13490
2010-05-14 13:15:00,2906.900000,2901.400000,2910.400000,2901.100000,13209
2010-05-14 13:30:00,2901.400000,2889.400000,2901.600000,2887.900000,13752
2010-05-14 13:45:00,2889.400000,2880.900000,2891.300000,2876.600000,15420
2010-05-14 14:00:00,2880.700000,2871.900000,2888,2870.600000,17986
2010-05-14 14:15:00,2871.600000,2868.400000,2877.900000,2867.600000,13891
2010-05-14 14:30:00,2868.400000,2881.500000,2887.200000,2868.100000,14630
2010-05-14 14:45:00,2881,2879.700000,2882.400000,2874.600000,8693
2010-05-14 15:00:00,2879.900000,2880,2882,2875.800000,6342
2010-05-17 09:15:00,2843.100000,2841.300000,2849.600000,2839.100000,8915
2010-05-17 09:30:00,2841.300000,2831,2844.800000,2830.300000,11491
2010-05-17 09:45:00,2831,2831.700000,2835,2829.300000,10120
2010-05-17 10:00:00,2831.500000,2803.600000,2831.800000,2802.200000,10963
2010-05-17 10:15:00,2803.100000,2796.500000,2806.800000,2795,13906
2010-05-17 10:30:00,2796,2800.400000,2806.900000,2791.200000,11916
2010-05-17 10:45:00,2800.300000,2784.200000,2801.800000,2779.100000,14369
2010-05-17 11:00:00,2783.900000,2783.900000,2787.100000,2775.900000,11756
2010-05-17 11:15:00,2783.800000,2778,2788.500000,2777.800000,11286
2010-05-17 13:00:00,2775,2768.600000,2775.200000,2766.200000,12512
2010-05-17 13:15:00,2768.500000,2774.500000,2774.600000,2762.300000,11560
2010-05-17 13:30:00,2775.100000,2761.200000,2785.700000,2758.800000,17392
2010-05-17 13:45:00,2761,2760.400000,2769.100000,2759,13553
2010-05-17 14:00:00,2759.900000,2742.100000,2764.400000,2741.500000,15090
2010-05-17 14:15:00,2742.100000,2742.200000,2745.900000,2738.500000,13268
2010-05-17 14:30:00,2742.200000,2728.800000,2747.800000,2728.100000,15681
2010-05-17 14:45:00,2728.700000,2718.400000,2729.600000,2714.400000,11196
2010-05-17 15:00:00,2718.200000,2724.300000,2724.400000,2716.600000,6867
2010-05-18 09:15:00,2718.200000,2726.400000,2730.500000,2716.200000,10991
2010-05-18 09:30:00,2726.500000,2738.800000,2739.300000,2718.200000,18975
2010-05-18 09:45:00,2738.800000,2728.800000,2738.800000,2720.100000,16938
2010-05-18 10:00:00,2729,2738.400000,2743.200000,2727.800000,16879
2010-05-18 10:15:00,2738.400000,2739.800000,2741.200000,2732.700000,15081
2010-05-18 10:30:00,2739.800000,2733,2740,2725.100000,15850
2010-05-18 10:45:00,2732.700000,2721.600000,2732.900000,2720,17028
2010-05-18 11:00:00,2721.600000,2732.500000,2733.800000,2719.700000,15052
2010-05-18 11:15:00,2732.300000,2738,2738.200000,2729.200000,9993
2010-05-18 13:00:00,2738.700000,2745.600000,2745.800000,2734.500000,11922
2010-05-18 13:15:00,2745.600000,2752.800000,2757.600000,2744.800000,17474
2010-05-18 13:30:00,2752.800000,2789.500000,2795.700000,2752.700000,20458
2010-05-18 13:45:00,2790.200000,2822,2834.100000,2789.700000,27936
2010-05-18 14:00:00,2821.900000,2823.800000,2825.400000,2807.300000,24487
2010-05-18 14:15:00,2823.800000,2817.800000,2845.600000,2812.500000,24828
2010-05-18 14:30:00,2817.800000,2819.100000,2825.300000,2812.600000,17695
2010-05-18 14:45:00,2818.900000,2799.200000,2819.700000,2792.800000,15364
2010-05-18 15:00:00,2799.600000,2812,2812.700000,2798.300000,9112
2010-05-19 09:15:00,2786.200000,2790.900000,2792.900000,2782.600000,11912
2010-05-19 09:30:00,2791.400000,2800.800000,2804.800000,2784.500000,14565
2010-05-19 09:45:00,2800.800000,2803.300000,2808.700000,2793.600000,13313
2010-05-19 10:00:00,2804,2772.800000,2804.300000,2768.800000,20271
2010-05-19 10:15:00,2773.100000,2742.500000,2777.300000,2739.800000,23563
2010-05-19 10:30:00,2742.300000,2765.500000,2768.400000,2742.300000,23467
2010-05-19 10:45:00,2765.200000,2783.300000,2787.300000,2761.500000,21344
2010-05-19 11:00:00,2783.200000,2773,2785.800000,2755.600000,21987
2010-05-19 11:15:00,2773,2825.900000,2832.700000,2772.400000,31028
2010-05-19 13:00:00,2823,2839.700000,2846.500000,2814.600000,22980
2010-05-19 13:15:00,2840.500000,2840.400000,2856.300000,2820.700000,28422
2010-05-19 13:30:00,2839.200000,2832.900000,2859.800000,2817.300000,26467
2010-05-19 13:45:00,2832.700000,2827.600000,2840.400000,2822.600000,20733
2010-05-19 14:00:00,2827.600000,2814.500000,2834,2807.900000,21638
2010-05-19 14:15:00,2814.600000,2817.200000,2831.700000,2805.400000,19744
2010-05-19 14:30:00,2817.500000,2787.900000,2819.400000,2784.700000,20752
2010-05-19 14:45:00,2788.100000,2795.400000,2799.100000,2786.300000,11536
2010-05-19 15:00:00,2795.500000,2789.400000,2799.100000,2786.700000,8317
2010-05-20 09:15:00,2809.500000,2797,2819.200000,2793.200000,16293
2010-05-20 09:30:00,2797.200000,2803.400000,2814.900000,2796.600000,17905
2010-05-20 09:45:00,2803.400000,2839.100000,2847.100000,2803.400000,23641
2010-05-20 10:00:00,2840,2833.800000,2845.500000,2829.500000,17996
2010-05-20 10:15:00,2833.700000,2838.500000,2842.200000,2825.900000,16154
2010-05-20 10:30:00,2838.500000,2810.200000,2841.600000,2808.900000,17474
2010-05-20 10:45:00,2810.400000,2801.400000,2818.600000,2800.300000,15514
2010-05-20 11:00:00,2802,2803.100000,2813.900000,2796.500000,15413
2010-05-20 11:15:00,2803.200000,2783,2814,2780.700000,18084
2010-05-20 13:00:00,2776.400000,2776.800000,2778.600000,2767.700000,15454
2010-05-20 13:15:00,2776.800000,2776.500000,2781.600000,2772.600000,16898
2010-05-20 13:30:00,2776.500000,2761.600000,2801.800000,2757.700000,23924
2010-05-20 13:45:00,2761.800000,2769.300000,2771.100000,2759.800000,16243
2010-05-20 14:00:00,2768.300000,2767.700000,2781.700000,2764.800000,21176
2010-05-20 14:15:00,2767.200000,2774.500000,2785.100000,2760.600000,17874
2010-05-20 14:30:00,2774,2767.600000,2778.300000,2764.200000,13144
2010-05-20 14:45:00,2767.300000,2758.800000,2767.800000,2749.100000,13646
2010-05-20 15:00:00,2759.500000,2770.700000,2772.200000,2759,8239
2010-05-21 09:15:00,2703.700000,2690.800000,2708.900000,2683.700000,17520
2010-05-21 09:30:00,2690.800000,2698.100000,2701.800000,2685.600000,17689
2010-05-21 09:45:00,2697.900000,2705.100000,2719.500000,2695.500000,16355
2010-05-21 10:00:00,2705.300000,2726.600000,2731.200000,2701.800000,19235
2010-05-21 10:15:00,2726,2719.300000,2727.900000,2716.200000,13533
2010-05-21 10:30:00,2719.600000,2710.100000,2720.200000,2702.400000,18706
2010-05-21 10:45:00,2710.100000,2726.900000,2731,2708.200000,16235
2010-05-21 11:00:00,2726.900000,2743.800000,2749.100000,2726.600000,19727
2010-05-21 11:15:00,2743.800000,2763,2767.900000,2736.200000,20568
2010-05-21 13:00:00,2763.400000,2763.200000,2772.900000,2758.900000,16077
2010-05-21 13:15:00,2763.200000,2777.600000,2781.200000,2762.600000,18866
2010-05-21 13:30:00,2777.600000,2792.500000,2793.700000,2768.300000,20824
2010-05-21 13:45:00,2792.700000,2781.200000,2795.300000,2777.300000,20198
2010-05-21 14:00:00,2781.200000,2784.100000,2786.300000,2769.200000,21198
2010-05-21 14:15:00,2784.100000,2796.800000,2805.200000,2783.200000,21519
2010-05-21 14:30:00,2796.800000,2802,2803.100000,2785.700000,17506
2010-05-21 14:45:00,2802,2799.100000,2803.200000,2795.800000,11805
2010-05-21 15:00:00,2799.600000,2810.900000,2811.500000,2797.500000,10034
2010-05-24 09:15:00,2822.400000,2833.700000,2836.400000,2821.900000,14513
2010-05-24 09:30:00,2833.900000,2845.200000,2850.100000,2831.600000,16709
2010-05-24 09:45:00,2845.200000,2865.500000,2865.500000,2842.700000,16295
2010-05-24 10:00:00,2865.500000,2899.200000,2899.200000,2864.100000,20621
2010-05-24 10:15:00,2899.400000,2890.100000,2899.400000,2886.600000,18028
2010-05-24 10:30:00,2890.500000,2917.800000,2927.200000,2889.900000,24232
2010-05-24 10:45:00,2917.600000,2932.600000,2942.600000,2917.200000,23925
2010-05-24 11:00:00,2931.700000,2917.700000,2937.800000,2914.900000,21787
2010-05-24 11:15:00,2917.500000,2919.500000,2932.400000,2910.800000,20136
2010-05-24 13:00:00,2924.300000,2922.600000,2927,2910,15286
2010-05-24 13:15:00,2922.800000,2919.200000,2932.800000,2912.800000,19603
2010-05-24 13:30:00,2919.200000,2911.100000,2921.900000,2906.700000,18178
2010-05-24 13:45:00,2911.100000,2911,2926.200000,2909.700000,18559
2010-05-24 14:00:00,2911.500000,2923.800000,2928.100000,2910.700000,17444
2010-05-24 14:15:00,2924.200000,2921.900000,2926.200000,2913.400000,14577
2010-05-24 14:30:00,2921.900000,2919.400000,2927.100000,2918.400000,12674
2010-05-24 14:45:00,2919.800000,2912.500000,2921,2911.900000,10842
2010-05-24 15:00:00,2912.500000,2914.200000,2919.700000,2912.300000,15454
2010-05-25 09:15:00,2888.700000,2885.900000,2897,2885.400000,14710
2010-05-25 09:30:00,2886,2873.200000,2892.600000,2872.100000,17011
2010-05-25 09:45:00,2873.100000,2875.700000,2883.700000,2873,17268
2010-05-25 10:00:00,2875.800000,2875.300000,2878.100000,2866.200000,17761
2010-05-25 10:15:00,2875.600000,2885.700000,2889.600000,2873.100000,16523
2010-05-25 10:30:00,2885.900000,2875.100000,2890.300000,2872,15922
2010-05-25 10:45:00,2875.600000,2885.700000,2889.400000,2875.100000,12955
2010-05-25 11:00:00,2885.700000,2891.800000,2899.700000,2881.100000,16698
2010-05-25 11:15:00,2891.700000,2874.300000,2896.200000,2872.700000,15741
2010-05-25 13:00:00,2873,2855.600000,2873.700000,2850.300000,20280
2010-05-25 13:15:00,2855.600000,2847.900000,2857.800000,2841.800000,20912
2010-05-25 13:30:00,2847.500000,2836.200000,2853.800000,2835.300000,19926
2010-05-25 13:45:00,2836.200000,2849.300000,2851.900000,2836.200000,17927
2010-05-25 14:00:00,2849.700000,2843.900000,2849.700000,2832.600000,16857
2010-05-25 14:15:00,2843.400000,2848.400000,2858.300000,2843.200000,18719
2010-05-25 14:30:00,2848.400000,2848.600000,2850,2839.100000,15414
2010-05-25 14:45:00,2848.500000,2843.600000,2852.100000,2842.100000,11355
2010-05-25 15:00:00,2843.600000,2824.500000,2846,2822.800000,14921
2010-05-26 09:15:00,2862.100000,2872.100000,2875.500000,2861.900000,19205
2010-05-26 09:30:00,2872,2883.800000,2887.600000,2858.600000,20816
2010-05-26 09:45:00,2884.300000,2875.300000,2887.200000,2874.400000,17821
2010-05-26 10:00:00,2875.100000,2849.300000,2876.700000,2847.400000,22546
2010-05-26 10:15:00,2849.800000,2847.100000,2851.600000,2839.900000,22373
2010-05-26 10:30:00,2847.100000,2848.800000,2852.500000,2830.400000,23229
2010-05-26 10:45:00,2849,2854.200000,2856.400000,2836.600000,21423
2010-05-26 11:00:00,2854.200000,2853.700000,2862.500000,2845.400000,18827
2010-05-26 11:15:00,2853.300000,2857.700000,2865.300000,2852.800000,19083
2010-05-26 13:00:00,2862.600000,2852.700000,2866.700000,2850,16713
2010-05-26 13:15:00,2852.700000,2861.600000,2862.600000,2845.800000,20262
2010-05-26 13:30:00,2861.700000,2858.600000,2866.100000,2857.400000,19259
2010-05-26 13:45:00,2859,2851,2865.200000,2847.900000,20070
